USE [@FirstDbName]
GO

SET ANSI_NULLS ON
GO

SET QUOTED_IDENTIFIER ON
GO

CREATE SCHEMA [Metadata]
GO

CREATE SCHEMA [Core]
GO

CREATE SCHEMA [Config]
GO

CREATE SCHEMA [Auth]
GO

CREATE SCHEMA [Corporate]
GO

CREATE SCHEMA [Finance]
GO

CREATE SCHEMA [Reporting]
GO

CREATE SCHEMA [CashFlow]
GO

CREATE SCHEMA [Check]
GO

CREATE TABLE [Core].[Version] (
    [VersionID]      INT              NOT NULL,
    [Number]         VARCHAR(16)      NOT NULL,
    [rowguid]        UNIQUEIDENTIFIER CONSTRAINT [DF_Core_Version_rowguid] DEFAULT (newid()) ROWGUIDCOL NOT NULL,
    [ModifiedDate]   DATETIME         CONSTRAINT [DF_Core_Version_ModifiedDate] DEFAULT (getdate()) NOT NULL
    , CONSTRAINT [PK_Core_Version] PRIMARY KEY CLUSTERED ([VersionID] ASC)
)
GO

CREATE TABLE [Metadata].[EntityType] (
    [EntityTypeID]   INT              IDENTITY (1, 1) NOT NULL,
    [Name]           NVARCHAR(128)    NOT NULL,
    [Description]    NVARCHAR(512)    NULL,
    [rowguid]        UNIQUEIDENTIFIER CONSTRAINT [DF_Metadata_EntityType_rowguid] DEFAULT (newid()) ROWGUIDCOL NOT NULL,
    [ModifiedDate]   DATETIME         CONSTRAINT [DF_Metadata_EntityType_ModifiedDate] DEFAULT (getdate()) NOT NULL
    , CONSTRAINT [PK_Metadata_EntityType] PRIMARY KEY CLUSTERED ([EntityTypeID] ASC)
)
GO

CREATE TABLE [Metadata].[Operation] (
    [OperationID]    INT              IDENTITY (1, 1) NOT NULL,
    [Name]           NVARCHAR(128)    NOT NULL,
    [Description]    NVARCHAR(512)    NULL,
    [rowguid]        UNIQUEIDENTIFIER CONSTRAINT [DF_Metadata_Operation_rowguid] DEFAULT (newid()) ROWGUIDCOL NOT NULL,
    [ModifiedDate]   DATETIME         CONSTRAINT [DF_Metadata_Operation_ModifiedDate] DEFAULT (getdate()) NOT NULL
    , CONSTRAINT [PK_Metadata_Operation] PRIMARY KEY CLUSTERED ([OperationID] ASC)
)
GO

CREATE TABLE [Metadata].[OperationSource] (
    [OperationSourceID]   INT              IDENTITY (1, 1) NOT NULL,
    [Name]                NVARCHAR(128)    NOT NULL,
    [Description]         NVARCHAR(512)    NULL,
    [rowguid]             UNIQUEIDENTIFIER CONSTRAINT [DF_Metadata_OperationSource_rowguid] DEFAULT (newid()) ROWGUIDCOL NOT NULL,
    [ModifiedDate]        DATETIME         CONSTRAINT [DF_Metadata_OperationSource_ModifiedDate] DEFAULT (getdate()) NOT NULL
    , CONSTRAINT [PK_Metadata_OperationSource] PRIMARY KEY CLUSTERED ([OperationSourceID] ASC)
)
GO

CREATE TABLE [Metadata].[OperationSourceList] (
    [OperationSourceListID] INT              IDENTITY (1, 1) NOT NULL,
    [Name]                  NVARCHAR(128)    NOT NULL,
    [Description]           NVARCHAR(512)    NULL,
    [rowguid]               UNIQUEIDENTIFIER CONSTRAINT [DF_Metadata_OperationSourceList_rowguid] DEFAULT (newid()) ROWGUIDCOL NOT NULL,
    [ModifiedDate]          DATETIME         CONSTRAINT [DF_Metadata_OperationSourceList_ModifiedDate] DEFAULT (getdate()) NOT NULL
    , CONSTRAINT [PK_Metadata_OperationSourceList] PRIMARY KEY CLUSTERED ([OperationSourceListID] ASC)
)
GO

CREATE TABLE [Metadata].[Subsystem] (
    [SubsystemID]    INT              IDENTITY (1, 1) NOT NULL,
    [Name]           NVARCHAR(64)     NOT NULL,
    [rowguid]        UNIQUEIDENTIFIER CONSTRAINT [DF_Metadata_Subsystem_rowguid] DEFAULT (newid()) ROWGUIDCOL NOT NULL,
    [ModifiedDate]   DATETIME         CONSTRAINT [DF_Metadata_Subsystem_ModifiedDate] DEFAULT (getdate()) NOT NULL
    , CONSTRAINT [PK_Metadata_Subsystem] PRIMARY KEY CLUSTERED ([SubsystemID] ASC)
)
GO

CREATE TABLE [Metadata].[OperationSourceType] (
    [OperationSourceTypeID]   INT              IDENTITY (1, 1) NOT NULL,
    [Name]                    NVARCHAR(64)     NOT NULL,
    [rowguid]                 UNIQUEIDENTIFIER CONSTRAINT [DF_Metadata_OperationSourceType_rowguid] DEFAULT (newid()) ROWGUIDCOL NOT NULL,
    [ModifiedDate]            DATETIME         CONSTRAINT [DF_Metadata_OperationSourceType_ModifiedDate] DEFAULT (getdate()) NOT NULL
    , CONSTRAINT [PK_Metadata_OperationSourceType] PRIMARY KEY CLUSTERED ([OperationSourceTypeID] ASC)
)
GO

CREATE TABLE [Metadata].[CustomForm] (
    [CustomFormID]   INT              IDENTITY (1, 1) NOT NULL,
    [Name]           NVARCHAR(128)    NOT NULL,
    [Description]    NVARCHAR(512)    NULL,
    [rowguid]        UNIQUEIDENTIFIER CONSTRAINT [DF_Metadata_CustomForm_rowguid] DEFAULT (newid()) ROWGUIDCOL NOT NULL,
    [ModifiedDate]   DATETIME         CONSTRAINT [DF_Metadata_CustomForm_ModifiedDate] DEFAULT (getdate()) NOT NULL
    , CONSTRAINT [PK_Metadata_CustomForm] PRIMARY KEY CLUSTERED ([CustomFormID] ASC)
)
GO

CREATE TABLE [Config].[LogSetting] (
    [LogSettingID]   INT              IDENTITY (1, 1) NOT NULL,
    [SubsystemID]    INT              NOT NULL,
    [SourceTypeID]   INT              NOT NULL,
    [SourceID]       INT              NULL,
    [EntityTypeID]   INT              NULL,
    [OperationID]    INT              NOT NULL,
    [IsEnabled]      BIT              NOT NULL,
    [rowguid]        UNIQUEIDENTIFIER CONSTRAINT [DF_Config_LogSetting_rowguid] DEFAULT (newid()) ROWGUIDCOL NOT NULL,
    [ModifiedDate]   DATETIME         CONSTRAINT [DF_Config_LogSetting_ModifiedDate] DEFAULT (getdate()) NOT NULL
    , CONSTRAINT [PK_Config_LogSetting] PRIMARY KEY CLUSTERED ([LogSettingID] ASC)
    , CONSTRAINT [FK_Config_LogSetting_Metadata_Subsystem] FOREIGN KEY ([SubsystemID]) REFERENCES [Metadata].[Subsystem]([SubsystemID])
    , CONSTRAINT [FK_Config_LogSetting_Metadata_SourceType] FOREIGN KEY ([SourceTypeID]) REFERENCES [Metadata].[OperationSourceType]([OperationSourceTypeID])
    , CONSTRAINT [FK_Config_LogSetting_Metadata_Source] FOREIGN KEY ([SourceID]) REFERENCES [Metadata].[OperationSource]([OperationSourceID])
    , CONSTRAINT [FK_Config_LogSetting_Metadata_EntityType] FOREIGN KEY ([EntityTypeID]) REFERENCES [Metadata].[EntityType]([EntityTypeID])
    , CONSTRAINT [FK_Config_LogSetting_Metadata_Operation] FOREIGN KEY ([OperationID]) REFERENCES [Metadata].[Operation]([OperationID])
)
GO

CREATE TABLE [Corporate].[Branch] (
    [BranchID]       INT              IDENTITY (1, 1) NOT NULL,
	[CompanyID]      INT              NOT NULL,
	[ParentID]       INT              NULL,
    [Name]           NVARCHAR(128)    NOT NULL,
    [Description]    NVARCHAR(512)    NULL,
	[Level]          INT              CONSTRAINT [DF_Corporate_Branch_Level] DEFAULT (0) NOT NULL,
    [rowguid]        UNIQUEIDENTIFIER CONSTRAINT [DF_Corporate_Branch_rowguid] DEFAULT (newid()) ROWGUIDCOL NOT NULL,
    [ModifiedDate]   DATETIME         CONSTRAINT [DF_Corporate_Branch_ModifiedDate] DEFAULT (getdate()) NOT NULL
    , CONSTRAINT [PK_Corporate_Branch] PRIMARY KEY CLUSTERED ([BranchID] ASC)
)
GO

CREATE TABLE [Finance].[Currency] (
    [CurrencyID]     INT              IDENTITY (1, 1) NOT NULL,
	[FiscalPeriodID] INT              CONSTRAINT [DF_Finance_Currency_FiscalPeriodID] DEFAULT (0) NOT NULL,
	[BranchID]       INT              NOT NULL,
	[BranchScope]    SMALLINT         CONSTRAINT [DF_Finance_Currency_BranchScope] DEFAULT (0) NOT NULL,
    [Name]           NVARCHAR(64)     NOT NULL,
    [Code]           NVARCHAR(8)      NOT NULL,
    [TaxCode]        INT              NOT NULL,
    [MinorUnit]      NVARCHAR(32)     NOT NULL,
    [DecimalCount]   SMALLINT         NOT NULL,
    [IsActive]       BIT              NOT NULL,
	[IsDefaultCurrency] BIT           NOT NULL,
    [Description]    NVARCHAR(512)    NULL,
    [rowguid]        UNIQUEIDENTIFIER CONSTRAINT [DF_Finance_Currency_rowguid] DEFAULT (newid()) ROWGUIDCOL NOT NULL,
    [ModifiedDate]   DATETIME         CONSTRAINT [DF_Finance_Currency_ModifiedDate] DEFAULT (getdate()) NOT NULL
    , CONSTRAINT [PK_Finance_Currency] PRIMARY KEY CLUSTERED ([CurrencyID] ASC)
    , CONSTRAINT [FK_Finance_Currency_Corporate_Branch] FOREIGN KEY ([BranchID]) REFERENCES [Corporate].[Branch]([BranchID])
)
GO

CREATE TABLE [Finance].[CurrencyRate] (
    [CurrencyRateID]   INT              IDENTITY (1, 1) NOT NULL,
    [CurrencyID]       INT              NOT NULL,
	[FiscalPeriodID]   INT              CONSTRAINT [DF_Finance_CurrencyRate_FiscalPeriodID] DEFAULT (0) NOT NULL,
    [BranchID]         INT              NOT NULL,
    [BranchScope]      SMALLINT         CONSTRAINT [DF_Finance_CurrencyRate_BranchScope] DEFAULT (0) NOT NULL,
    [Date]             DATETIME         NOT NULL,
    [Time]             TIME(7)          NOT NULL,
    [Multiplier]       FLOAT            NOT NULL,
	[Description]    NVARCHAR(512)      NULL,
    [rowguid]          UNIQUEIDENTIFIER CONSTRAINT [DF_Finance_CurrencyRate_rowguid] DEFAULT (newid()) ROWGUIDCOL NOT NULL,
    [ModifiedDate]     DATETIME         CONSTRAINT [DF_Finance_CurrencyRate_ModifiedDate] DEFAULT (getdate()) NOT NULL
    , CONSTRAINT [PK_Finance_CurrencyRate] PRIMARY KEY CLUSTERED ([CurrencyRateID] ASC)
    , CONSTRAINT [FK_Finance_CurrencyRate_Finance_Currency] FOREIGN KEY ([CurrencyID]) REFERENCES [Finance].[Currency]([CurrencyID])
    , CONSTRAINT [FK_Finance_CurrencyRate_Corporate_Branch] FOREIGN KEY ([BranchID]) REFERENCES [Corporate].[Branch]([BranchID])
)
GO

CREATE TABLE [Finance].[TaxCurrency] (
    [TaxCurrencyID]   INT              IDENTITY (1, 1) NOT NULL,
    [Code]            INT              NOT NULL,
    [Name]            NVARCHAR(64)     NOT NULL,
    [rowguid]         UNIQUEIDENTIFIER CONSTRAINT [DF_Finance_TaxCurrency_rowguid] DEFAULT (newid()) ROWGUIDCOL NOT NULL,
    [ModifiedDate]    DATETIME         CONSTRAINT [DF_Finance_TaxCurrency_ModifiedDate] DEFAULT (getdate()) NOT NULL
    , CONSTRAINT [PK_Finance_TaxCurrency] PRIMARY KEY CLUSTERED ([TaxCurrencyID] ASC)
)
GO

CREATE TABLE [Core].[DocumentType] (
    [TypeID]                INT              IDENTITY (1, 1) NOT NULL,
    [Name]                  NVARCHAR(64)     NOT NULL,
    [rowguid]               UNIQUEIDENTIFIER CONSTRAINT [DF_Core_DocumentType_rowguid] DEFAULT (newid()) ROWGUIDCOL NOT NULL,
    [ModifiedDate]          DATETIME         CONSTRAINT [DF_Core_DocumentType_ModifiedDate] DEFAULT (getdate()) NOT NULL
    , CONSTRAINT [PK_Core_DocumentType] PRIMARY KEY CLUSTERED ([TypeID] ASC)
)
GO

CREATE TABLE [Core].[DocumentStatus] (
    [StatusID]              INT              IDENTITY (1, 1) NOT NULL,
    [Name]                  NVARCHAR(64)     NOT NULL,
    [rowguid]               UNIQUEIDENTIFIER CONSTRAINT [DF_Core_DocumentStatus_rowguid] DEFAULT (newid()) ROWGUIDCOL NOT NULL,
    [ModifiedDate]          DATETIME         CONSTRAINT [DF_Core_DocumentStatus_ModifiedDate] DEFAULT (getdate()) NOT NULL
    , CONSTRAINT [PK_Core_DocumentStatus] PRIMARY KEY CLUSTERED ([StatusID] ASC)
)
GO

CREATE TABLE [Config].[Setting] (
    [SettingID]      INT              IDENTITY (1, 1) NOT NULL,
    [ParentID]       INT              NULL,
    [Subsystem]      VARCHAR(32)      NULL,
    [TitleKey]       VARCHAR(128)     NOT NULL,
    [Type]           SMALLINT         NOT NULL,
    [ScopeType]      SMALLINT         NOT NULL,
    [ModelType]      VARCHAR(128)     NOT NULL,
	[IsStandalone]   BIT              NOT NULL,
    [Values]         NVARCHAR(2048)   NOT NULL,
    [DefaultValues]  NVARCHAR(2048)   NOT NULL,
    [DescriptionKey] VARCHAR(1028)    NULL,
    [rowguid]        UNIQUEIDENTIFIER CONSTRAINT [DF_Config_Setting_rowguid] DEFAULT (newid()) ROWGUIDCOL NOT NULL,
    [ModifiedDate]   DATETIME         CONSTRAINT [DF_Config_Setting_ModifiedDate] DEFAULT (getdate()) NOT NULL
    , CONSTRAINT [PK_Config_Setting] PRIMARY KEY CLUSTERED ([SettingID] ASC)
    , CONSTRAINT [FK_Config_Setting_Config_Parent] FOREIGN KEY ([ParentID]) REFERENCES [Config].[Setting]([SettingID])
)
GO

CREATE TABLE [Config].[UserSetting] (
    [UserSettingID]  INT              IDENTITY (1, 1) NOT NULL,
    [SettingID]      INT              NOT NULL,
    [ViewID]         INT              NULL,
    [UserID]         INT              NULL,
    [RoleID]         INT              NULL,
    [ModelType]      VARCHAR(128)     NOT NULL,
    [Values]         NTEXT            NOT NULL,
    [rowguid]        UNIQUEIDENTIFIER CONSTRAINT [DF_Config_UserSetting_rowguid] DEFAULT (newid()) ROWGUIDCOL NOT NULL,
    [ModifiedDate]   DATETIME         CONSTRAINT [DF_Config_UserSetting_ModifiedDate] DEFAULT (getdate()) NOT NULL
    , CONSTRAINT [PK_Config_UserSetting] PRIMARY KEY CLUSTERED ([UserSettingID] ASC)
    , CONSTRAINT [FK_Config_UserSetting_Config_Setting] FOREIGN KEY ([SettingID]) REFERENCES [Config].[Setting]([SettingID])
)
GO

CREATE TABLE [Config].[ViewSetting] (
    [ViewSettingID]  INT              IDENTITY (1, 1) NOT NULL,
    [SettingID]      INT              NOT NULL,
    [ViewID]         INT              NULL,
    [ModelType]      VARCHAR(128)     NOT NULL,
    [Values]         NTEXT            NOT NULL,
    [DefaultValues]  NTEXT            NOT NULL,
    [rowguid]        UNIQUEIDENTIFIER CONSTRAINT [DF_Config_ViewSetting_rowguid] DEFAULT (newid()) ROWGUIDCOL NOT NULL,
    [ModifiedDate]   DATETIME         CONSTRAINT [DF_Config_ViewSetting_ModifiedDate] DEFAULT (getdate()) NOT NULL
    , CONSTRAINT [PK_Config_ViewSetting] PRIMARY KEY CLUSTERED ([ViewSettingID] ASC)
	, CONSTRAINT [FK_Config_ViewSetting_Config_Setting] FOREIGN KEY ([SettingID]) REFERENCES [Config].[Setting]([SettingID])
)
GO

CREATE TABLE [Config].[LabelSetting] (
    [LabelSettingID] INT              IDENTITY (1, 1) NOT NULL,
    [SettingID]      INT              NOT NULL,
    [CustomFormID]   INT              NOT NULL,
	[LocaleID]       INT              NOT NULL,
	[ModelType]      VARCHAR(128)     NOT NULL,
	[Values]         NTEXT            NOT NULL,
	[DefaultValues]  NTEXT            NOT NULL,
    [rowguid]        UNIQUEIDENTIFIER CONSTRAINT [DF_Config_LabelSetting_rowguid] DEFAULT (newid()) ROWGUIDCOL NOT NULL,
    [ModifiedDate]   DATETIME         CONSTRAINT [DF_Config_LabelSetting_ModifiedDate] DEFAULT (getdate()) NOT NULL
    , CONSTRAINT [PK_Config_LabelSetting] PRIMARY KEY CLUSTERED ([LabelSettingID] ASC)
    , CONSTRAINT [FK_Config_LabelSetting_Config_Setting] FOREIGN KEY ([SettingID]) REFERENCES [Config].[Setting]([SettingID])
)
GO

CREATE TABLE [Finance].[AccountGroup] (
    [GroupID]          INT              IDENTITY (1, 1) NOT NULL,
    [Name]             NVARCHAR(64)     NOT NULL,
    [InventoryMode]    SMALLINT         NOT NULL,
    [Category]         NVARCHAR(64)     NOT NULL,
    [Description]      NVARCHAR(256)    NULL,
    [rowguid]          UNIQUEIDENTIFIER CONSTRAINT [DF_Finance_AccountGroup_rowguid] DEFAULT (newid()) ROWGUIDCOL NOT NULL,
    [ModifiedDate]     DATETIME         CONSTRAINT [DF_Finance_AccountGroup_ModifiedDate] DEFAULT (getdate()) NOT NULL
    , CONSTRAINT [PK_Finance_AccountGroup] PRIMARY KEY CLUSTERED ([GroupID] ASC)
)
GO

CREATE TABLE [Finance].[VoucherOrigin] (
    [OriginID]       INT              IDENTITY (1, 1) NOT NULL,
    [Name]           NVARCHAR(64)     NOT NULL,
    [rowguid]        UNIQUEIDENTIFIER CONSTRAINT [DF_Finance_VoucherOrigin_rowguid] DEFAULT (newid()) ROWGUIDCOL NOT NULL,
    [ModifiedDate]   DATETIME         CONSTRAINT [DF_Finance_VoucherOrigin_ModifiedDate] DEFAULT (getdate()) NOT NULL
    , CONSTRAINT [PK_Finance_VoucherOrigin] PRIMARY KEY CLUSTERED ([OriginID] ASC)
)
GO

CREATE TABLE [Auth].[RoleBranch] (
    [RoleBranchID]       INT              IDENTITY (1, 1) NOT NULL,
    [RoleID]             INT              NOT NULL,
    [BranchID]           INT              NOT NULL,
    [rowguid]            UNIQUEIDENTIFIER CONSTRAINT [DF_Auth_RoleBranch_rowguid] DEFAULT (newid()) ROWGUIDCOL NOT NULL,
    [ModifiedDate]       DATETIME         CONSTRAINT [DF_Auth_RoleBranch_ModifiedDate] DEFAULT (getdate()) NOT NULL
    , CONSTRAINT [PK_Auth_RoleBranch] PRIMARY KEY CLUSTERED ([RoleBranchID] ASC)
    , CONSTRAINT [FK_Auth_RoleBranch_Corporate_Branch] FOREIGN KEY ([BranchID]) REFERENCES [Corporate].[Branch] ([BranchID])
)
GO

CREATE TABLE [Finance].[FiscalPeriod] (
    [FiscalPeriodID]   INT              IDENTITY (1, 1) NOT NULL,
	[CompanyID]        INT              NOT NULL,
    [Name]             NVARCHAR(64)     NOT NULL,
    [StartDate]        DATETIME         NOT NULL,
    [EndDate]          DATETIME         NOT NULL,
	[InventoryMode]    INT              CONSTRAINT [DF_Finance_FiscalPeriod_InventoryMode] DEFAULT (1) NOT NULL,
    [Description]      NVARCHAR(512)    NULL,
    [rowguid]          UNIQUEIDENTIFIER CONSTRAINT [DF_Finance_FiscalPeriod_rowguid] DEFAULT (newid()) ROWGUIDCOL NOT NULL,
    [ModifiedDate]     DATETIME         CONSTRAINT [DF_Finance_FiscalPeriod_ModifiedDate] DEFAULT (getdate()) NOT NULL
    , CONSTRAINT [PK_Finance_FiscalPeriod] PRIMARY KEY CLUSTERED ([FiscalPeriodID] ASC)
)
GO

CREATE TABLE [Auth].[RoleFiscalPeriod] (
    [RoleFiscalPeriodID] INT              IDENTITY (1, 1) NOT NULL,
    [RoleID]             INT              NOT NULL,
    [FiscalPeriodID]     INT              NOT NULL,
    [rowguid]            UNIQUEIDENTIFIER CONSTRAINT [DF_Auth_RoleFiscalPeriod_rowguid] DEFAULT (newid()) ROWGUIDCOL NOT NULL,
    [ModifiedDate]       DATETIME         CONSTRAINT [DF_Auth_RoleFiscalPeriod_ModifiedDate] DEFAULT (getdate()) NOT NULL
    , CONSTRAINT [PK_Auth_RoleFiscalPeriod] PRIMARY KEY CLUSTERED ([RoleFiscalPeriodID] ASC)
    , CONSTRAINT [FK_Auth_RoleFiscalPeriod_Finance_FiscalPeriod] FOREIGN KEY ([FiscalPeriodID]) REFERENCES [Finance].[FiscalPeriod] ([FiscalPeriodID])
)
GO

CREATE TABLE [Core].[OperationLog] (
    [OperationLogID]      INT              IDENTITY (1, 1) NOT NULL,
    [BranchID]            INT              NOT NULL,
    [FiscalPeriodID]      INT              NOT NULL,
    [OperationID]         INT              NOT NULL,
    [SourceID]            INT              NULL,
    [EntityTypeID]        INT              NULL,
    [SourceListID]        INT              NULL,
    [Date]                DATETIME         NOT NULL,
    [Time]                TIME(7)          NOT NULL,
    [UserId]              INT              NOT NULL,
    [CompanyId]           INT              NOT NULL,
    [EntityId]            INT              NULL,
    [EntityCode]          NVARCHAR(256)    NULL,
    [EntityName]          NVARCHAR(256)    NULL,
    [EntityDescription]   NVARCHAR(1024)   NULL,
    [EntityNo]            INT              NULL,
    [EntityDate]          DATETIME         NULL,
    [EntityReference]     NVARCHAR(64)     NULL,
    [EntityAssociation]   NVARCHAR(64)     NULL,
    [Description]         NVARCHAR(MAX)    NULL,
    [rowguid]             UNIQUEIDENTIFIER CONSTRAINT [DF_Core_OperationLog_rowguid] DEFAULT (newid()) ROWGUIDCOL NOT NULL,
    [ModifiedDate]        DATETIME         CONSTRAINT [DF_Core_OperationLog_ModifiedDate] DEFAULT (getdate()) NOT NULL
    , CONSTRAINT [PK_Core_OperationLog] PRIMARY KEY CLUSTERED ([OperationLogID] ASC)
    , CONSTRAINT [FK_Core_OperationLog_Corporate_Branch] FOREIGN KEY ([BranchID]) REFERENCES [Corporate].[Branch]([BranchID])
    , CONSTRAINT [FK_Core_OperationLog_Finance_FiscalPeriod] FOREIGN KEY ([FiscalPeriodID]) REFERENCES [Finance].[FiscalPeriod]([FiscalPeriodID])
    , CONSTRAINT [FK_Core_OperationLog_Metadata_Operation] FOREIGN KEY ([OperationID]) REFERENCES [Metadata].[Operation]([OperationID])
    , CONSTRAINT [FK_Core_OperationLog_Metadata_Source] FOREIGN KEY ([SourceID]) REFERENCES [Metadata].[OperationSource]([OperationSourceID])
    , CONSTRAINT [FK_Core_OperationLog_Metadata_SourceList] FOREIGN KEY ([SourceListID]) REFERENCES [Metadata].[OperationSourceList]([OperationSourceListID])
    , CONSTRAINT [FK_Core_OperationLog_Metadata_EntityType] FOREIGN KEY ([EntityTypeID]) REFERENCES [Metadata].[EntityType]([EntityTypeID])
)
GO

CREATE TABLE [Core].[OperationLogArchive] (
    [OperationLogArchiveID]  INT              NOT NULL,
    [BranchID]               INT              NOT NULL,
    [FiscalPeriodID]         INT              NOT NULL,
    [OperationID]            INT              NOT NULL,
    [SourceID]               INT              NULL,
    [EntityTypeID]           INT              NULL,
    [SourceListID]           INT              NULL,
    [Date]                   DATETIME         NOT NULL,
    [Time]                   TIME(7)          NOT NULL,
    [UserId]                 INT              NOT NULL,
    [CompanyId]              INT              NOT NULL,
    [EntityId]               INT              NULL,
    [EntityCode]             NVARCHAR(256)    NULL,
    [EntityName]             NVARCHAR(256)    NULL,
    [EntityDescription]      NVARCHAR(1024)   NULL,
    [EntityNo]               INT              NULL,
    [EntityDate]             DATETIME         NULL,
    [EntityReference]        NVARCHAR(64)     NULL,
    [EntityAssociation]      NVARCHAR(64)     NULL,
    [Description]            NVARCHAR(MAX)    NULL,
    [rowguid]                UNIQUEIDENTIFIER CONSTRAINT [DF_Core_OperationLogArchive_rowguid] DEFAULT (newid()) ROWGUIDCOL NOT NULL,
    [ModifiedDate]           DATETIME         CONSTRAINT [DF_Core_OperationLogArchive_ModifiedDate] DEFAULT (getdate()) NOT NULL
    , CONSTRAINT [PK_Core_OperationLogArchive] PRIMARY KEY CLUSTERED ([OperationLogArchiveID] ASC)
    , CONSTRAINT [FK_Core_OperationLogArchive_Corporate_Branch] FOREIGN KEY ([BranchID]) REFERENCES [Corporate].[Branch]([BranchID])
    , CONSTRAINT [FK_Core_OperationLogArchive_Finance_FiscalPeriod] FOREIGN KEY ([FiscalPeriodID]) REFERENCES [Finance].[FiscalPeriod]([FiscalPeriodID])
    , CONSTRAINT [FK_Core_OperationLogArchive_Metadata_Operation] FOREIGN KEY ([OperationID]) REFERENCES [Metadata].[Operation]([OperationID])
    , CONSTRAINT [FK_Core_OperationLogArchive_Metadata_Source] FOREIGN KEY ([SourceID]) REFERENCES [Metadata].[OperationSource]([OperationSourceID])
    , CONSTRAINT [FK_Core_OperationLogArchive_Metadata_SourceList] FOREIGN KEY ([SourceListID]) REFERENCES [Metadata].[OperationSourceList]([OperationSourceListID])
    , CONSTRAINT [FK_Core_OperationLogArchive_Metadata_EntityType] FOREIGN KEY ([EntityTypeID]) REFERENCES [Metadata].[EntityType]([EntityTypeID])
)
GO

CREATE TABLE [Finance].[Account] (
    [AccountID]              INT              IDENTITY (1, 1) NOT NULL,
    [ParentID]               INT              NULL,
    [FiscalPeriodID]         INT              NOT NULL,
    [BranchID]               INT              NOT NULL,
    [GroupID]                INT              NULL,
    [BranchScope]            SMALLINT         NOT NULL,
    [Code]                   NVARCHAR(16)     NOT NULL,
    [FullCode]               NVARCHAR(256)    NOT NULL,
    [Name]                   NVARCHAR(512)    NOT NULL,
    [Level]                  SMALLINT         NOT NULL,
    [IsActive]               BIT              CONSTRAINT [DF_Finance_Account_IsActive] DEFAULT (1) NOT NULL,
    [IsCurrencyAdjustable]   BIT              CONSTRAINT [DF_Finance_Account_IsCurrencyAdjustable] DEFAULT (1) NOT NULL,
    [TurnoverMode]           SMALLINT         CONSTRAINT [DF_Finance_Account_TurnoverMode] DEFAULT (-1) NOT NULL,
    [Description]            NVARCHAR(512)    NULL,
    [rowguid]                UNIQUEIDENTIFIER CONSTRAINT [DF_Finance_Account_rowguid] DEFAULT (newid()) ROWGUIDCOL NOT NULL,
    [ModifiedDate]           DATETIME         CONSTRAINT [DF_Finance_Account_ModifiedDate] DEFAULT (getdate()) NOT NULL
    , CONSTRAINT [PK_Finance_Account] PRIMARY KEY CLUSTERED ([AccountID] ASC)
    , CONSTRAINT [FK_Finance_Account_Finance_Parent] FOREIGN KEY ([ParentID]) REFERENCES [Finance].[Account]([AccountID])
    , CONSTRAINT [FK_Finance_Account_Finance_FiscalPeriod] FOREIGN KEY ([FiscalPeriodID]) REFERENCES [Finance].[FiscalPeriod]([FiscalPeriodID])
    , CONSTRAINT [FK_Finance_Account_Corporate_Branch] FOREIGN KEY ([BranchID]) REFERENCES [Corporate].[Branch]([BranchID])
    , CONSTRAINT [FK_Finance_Account_Finance_Group] FOREIGN KEY ([GroupID]) REFERENCES [Finance].[AccountGroup]([GroupID])
)
GO

CREATE TABLE [Finance].[AccountCollectionCategory] (
    [CategoryID]     INT              IDENTITY (1, 1) NOT NULL,    
    [Name]           NVARCHAR(128)    NOT NULL,
	[rowguid]        UNIQUEIDENTIFIER CONSTRAINT [DF_Finance_AccountCollectionCategory_rowguid] DEFAULT (newid()) ROWGUIDCOL NOT NULL,
    [ModifiedDate]   DATETIME         CONSTRAINT [DF_Finance_AccountCollectionCategory_ModifiedDate] DEFAULT (getdate()) NOT NULL
    , CONSTRAINT [PK_Finance_AccountCollectionCategory] PRIMARY KEY CLUSTERED ([CategoryID] ASC)
)
GO

CREATE TABLE [Finance].[AccountCollection] (
    [CollectionID]          INT              IDENTITY (1, 1) NOT NULL,
    [CategoryID]            INT              NOT NULL,    
    [Name]                  NVARCHAR(128)    NOT NULL,
    [MultiSelect]           BIT              NOT NULL,
    [TypeLevel]             SMALLINT         NOT NULL,
    [InventoryMode]         SMALLINT         NOT NULL,
	[rowguid]               UNIQUEIDENTIFIER CONSTRAINT [DF_Finance_AccountCollection_rowguid] DEFAULT (newid()) ROWGUIDCOL NOT NULL,
    [ModifiedDate]          DATETIME         CONSTRAINT [DF_Finance_AccountCollection_ModifiedDate] DEFAULT (getdate()) NOT NULL
    , CONSTRAINT [PK_Finance_AccountCollection] PRIMARY KEY CLUSTERED ([CollectionID] ASC)
    , CONSTRAINT [FK_Finance_AccountCollection_Finance_Category] FOREIGN KEY ([CategoryID]) REFERENCES [Finance].[AccountCollectionCategory]([CategoryID])
)

CREATE TABLE [Finance].[AccountCollectionAccount] (
    [AccountCollectionAccountID]  INT              IDENTITY (1, 1) NOT NULL,
	[CollectionID]                INT              NOT NULL,
    [AccountID]                   INT              NOT NULL,
    [BranchID]                    INT              NOT NULL,
    [FiscalPeriodID]              INT              NOT NULL,
    [rowguid]                     UNIQUEIDENTIFIER CONSTRAINT [DF_Finance_AccountCollectionAccount_rowguid] DEFAULT (newid()) ROWGUIDCOL NOT NULL,
    [ModifiedDate]                DATETIME         CONSTRAINT [DF_Finance_AccountCollectionAccount_ModifiedDate] DEFAULT (getdate()) NOT NULL
    , CONSTRAINT [PK_Finance_AccountCollectionAccount] PRIMARY KEY CLUSTERED ([AccountCollectionAccountID] ASC)
    , CONSTRAINT [FK_Finance_AccountCollectionAccount_Finance_Collection] FOREIGN KEY ([CollectionID]) REFERENCES [Finance].[AccountCollection]([CollectionID])
    , CONSTRAINT [FK_Finance_AccountCollectionAccount_Finance_Account] FOREIGN KEY ([AccountID]) REFERENCES [Finance].[Account]([AccountID])
    , CONSTRAINT [FK_Finance_AccountCollectionAccount_Corporate_Branch] FOREIGN KEY ([BranchID]) REFERENCES [Corporate].[Branch]([BranchID])
    , CONSTRAINT [FK_Finance_AccountCollectionAccount_Finance_FiscalPeriod] FOREIGN KEY ([FiscalPeriodID]) REFERENCES [Finance].[FiscalPeriod]([FiscalPeriodID])
)
GO

CREATE TABLE [Finance].[AccountCurrency](
	[AccountCurrencyID]    INT              IDENTITY(1,1) NOT NULL,
	[AccountID]            INT              NOT NULL,
	[CurrencyID]           INT              NOT NULL,
	[BranchID]             INT              NOT NULL,
	[RowGuid]              UNIQUEIDENTIFIER CONSTRAINT [DF_AccountCurrency_RowGuid] DEFAULT (newid()) ROWGUIDCOL NOT NULL,
	[ModifiedDate]         DATETIME CONSTRAINT [DF_AccountCurrency_ModifiedDate] DEFAULT (getdate()) NOT NULL
, CONSTRAINT [PK_AccountCurrency] PRIMARY KEY CLUSTERED ([AccountCurrencyID] ASC)
, CONSTRAINT [FK_Finance_AccountCurrency_Corporate_Branch] FOREIGN KEY([BranchID]) REFERENCES [Corporate].[Branch] ([BranchID])
, CONSTRAINT [FK_Finance_AccountCurrency_Finance_Account] FOREIGN KEY([AccountID]) REFERENCES [Finance].[Account] ([AccountID])
, CONSTRAINT [FK_Finance_AccountCurrency_Finance_Currency] FOREIGN KEY([CurrencyID]) REFERENCES [Finance].[Currency] ([CurrencyID])
)
GO


CREATE TABLE [Finance].[Voucher] (
    [VoucherID]       INT              IDENTITY (1, 1) NOT NULL,
    [FiscalPeriodID]  INT              NOT NULL,
    [BranchID]        INT              NOT NULL,
    [StatusID]        INT              NOT NULL,
	[OriginID]        INT              CONSTRAINT [DF_Finance_Voucher_OriginID] DEFAULT (1) NOT NULL,
    [IssuedByID]      INT              NOT NULL,
    [ModifiedByID]    INT              NOT NULL,
    [ConfirmedByID]   INT              NULL,
    [ApprovedByID]    INT              NULL,
    [No]              INT              NOT NULL,
    [DailyNo]         INT              NOT NULL,
    [Date]            DATETIME         NOT NULL,
    [Reference]       NVARCHAR(64)     NULL,
    [Association]     NVARCHAR(64)     NULL,
    [IsBalanced]      BIT              NOT NULL,
    [Type]            SMALLINT         NOT NULL,
    [SubjectType]     SMALLINT         NOT NULL,
    [SaveCount]       INT              NOT NULL,
    [Description]     NVARCHAR(512)    NULL,
	[IssuerName]      NVARCHAR(64)     NOT NULL, 
	[ModifierName]    NVARCHAR(64)     NOT NULL,
	[ConfirmerName]   NVARCHAR(64)     NULL,
	[ApproverName]    NVARCHAR(64)     NULL,
    [rowguid]         UNIQUEIDENTIFIER CONSTRAINT [DF_Finance_Voucher_rowguid] DEFAULT (newid()) ROWGUIDCOL NOT NULL,
    [ModifiedDate]    DATETIME         CONSTRAINT [DF_Finance_Voucher_ModifiedDate] DEFAULT (getdate()) NOT NULL
    , CONSTRAINT [PK_Finance_Voucher] PRIMARY KEY CLUSTERED ([VoucherID] ASC)
    , CONSTRAINT [FK_Finance_Voucher_Finance_FiscalPeriod] FOREIGN KEY ([FiscalPeriodID]) REFERENCES [Finance].[FiscalPeriod]([FiscalPeriodID])
    , CONSTRAINT [FK_Finance_Voucher_Finance_Branch] FOREIGN KEY ([BranchID]) REFERENCES [Corporate].[Branch]([BranchID])
    , CONSTRAINT [FK_Finance_Voucher_Finance_Status] FOREIGN KEY ([StatusID]) REFERENCES [Core].[DocumentStatus]([StatusID])
	, CONSTRAINT [FK_Finance_Voucher_Finance_VoucherOrigin] FOREIGN KEY ([OriginID]) REFERENCES [Finance].[VoucherOrigin]([OriginID])
)
GO

CREATE TABLE [Finance].[DetailAccount] (
    [DetailAccountID]   INT              IDENTITY (1, 1) NOT NULL,
    [ParentID]          INT              NULL,
	[FiscalPeriodID]    INT              NOT NULL,
	[CurrencyID]        INT              NULL,
	[BranchID]          INT              NOT NULL,
	[BranchScope]       SMALLINT         CONSTRAINT [DF_Finance_DetailAccount_BranchScope] DEFAULT (0) NOT NULL,
    [Code]              NVARCHAR(16)     NOT NULL,
    [FullCode]          NVARCHAR(256)    NOT NULL,
    [Name]              NVARCHAR(256)    NOT NULL,
    [Level]             SMALLINT         CONSTRAINT [DF_Finance_DetailAccount_Level] DEFAULT (0) NOT NULL,
    [Description]       NVARCHAR(512)    NULL,
    [rowguid]           UNIQUEIDENTIFIER CONSTRAINT [DF_Finance_DetailAccount_rowguid] DEFAULT (newid()) ROWGUIDCOL NOT NULL,
    [ModifiedDate]      DATETIME         CONSTRAINT [DF_Finance_DetailAccount_ModifiedDate] DEFAULT (getdate()) NOT NULL
    , CONSTRAINT [PK_Finance_DetailAccount] PRIMARY KEY CLUSTERED ([DetailAccountID] ASC)
    , CONSTRAINT [FK_Finance_DetailAccount_Finance_Parent] FOREIGN KEY ([ParentID]) REFERENCES [Finance].[DetailAccount]([DetailAccountID])
    , CONSTRAINT [FK_Finance_DetailAccount_Finance_FiscalPeriod] FOREIGN KEY ([FiscalPeriodID]) REFERENCES [Finance].[FiscalPeriod] ([FiscalPeriodID])
    , CONSTRAINT [FK_Finance_DetailAccount_Corporate_Branch] FOREIGN KEY ([BranchID]) REFERENCES [Corporate].[Branch] ([BranchID])
    , CONSTRAINT [FK_Finance_DetailAccount_Finance_Currency] FOREIGN KEY ([CurrencyID]) REFERENCES [Finance].[Currency] ([CurrencyID])
)
GO

CREATE TABLE [Finance].[CostCenter] (
    [CostCenterID]   INT              IDENTITY (1, 1) NOT NULL,
    [ParentID]       INT              NULL,
	[FiscalPeriodID] INT              NOT NULL,
	[BranchID]       INT              NOT NULL,
	[BranchScope]    SMALLINT         CONSTRAINT [DF_Finance_CostCenter_BranchScope] DEFAULT (0) NOT NULL,
    [Code]           NVARCHAR(16)     NOT NULL,
    [FullCode]       NVARCHAR(256)    NOT NULL,
    [Name]           NVARCHAR(256)    NOT NULL,
    [Level]          SMALLINT         CONSTRAINT [DF_Finance_CostCenter_Level] DEFAULT (0) NOT NULL,
    [Description]    NVARCHAR(512)    NULL,
    [rowguid]        UNIQUEIDENTIFIER CONSTRAINT [DF_Finance_CostCenter_rowguid] DEFAULT (newid()) ROWGUIDCOL NOT NULL,
    [ModifiedDate]   DATETIME         CONSTRAINT [DF_Finance_CostCenter_ModifiedDate] DEFAULT (getdate()) NOT NULL
    , CONSTRAINT [PK_Finance_CostCenter] PRIMARY KEY CLUSTERED ([CostCenterID] ASC)
    , CONSTRAINT [FK_Finance_CostCenter_Finance_Parent] FOREIGN KEY ([ParentID]) REFERENCES [Finance].[CostCenter]([CostCenterID])
    , CONSTRAINT [FK_Finance_CostCenter_Finance_FiscalPeriod] FOREIGN KEY ([FiscalPeriodID]) REFERENCES [Finance].[FiscalPeriod] ([FiscalPeriodID])
    , CONSTRAINT [FK_Finance_CostCenter_Corporate_Branch] FOREIGN KEY ([BranchID]) REFERENCES [Corporate].[Branch] ([BranchID])
)
GO

CREATE TABLE [Finance].[Project] (
    [ProjectID]      INT              IDENTITY (1, 1) NOT NULL,
    [ParentID]       INT              NULL,
	[FiscalPeriodID] INT              NOT NULL,
	[BranchID]       INT              NOT NULL,
	[BranchScope]    SMALLINT         CONSTRAINT [DF_Finance_Project_BranchScope] DEFAULT (0) NOT NULL,
    [Code]           NVARCHAR(16)     NOT NULL,
    [FullCode]       NVARCHAR(256)    NOT NULL,
    [Name]           NVARCHAR(256)    NOT NULL,
    [Level]          SMALLINT         CONSTRAINT [DF_Finance_Project_Level] DEFAULT (0) NOT NULL,
    [Description]    NVARCHAR(512)    NULL,
    [rowguid]        UNIQUEIDENTIFIER CONSTRAINT [DF_Finance_Project_rowguid] DEFAULT (newid()) ROWGUIDCOL NOT NULL,
    [ModifiedDate]   DATETIME         CONSTRAINT [DF_Finance_Project_ModifiedDate] DEFAULT (getdate()) NOT NULL
    , CONSTRAINT [PK_Finance_Project] PRIMARY KEY CLUSTERED ([ProjectID] ASC)
    , CONSTRAINT [FK_Finance_Project_Finance_Parent] FOREIGN KEY ([ParentID]) REFERENCES [Finance].[Project]([ProjectID])
    , CONSTRAINT [FK_Finance_Project_Finance_FiscalPeriod] FOREIGN KEY ([FiscalPeriodID]) REFERENCES [Finance].[FiscalPeriod] ([FiscalPeriodID])
    , CONSTRAINT [FK_Finance_Project_Corporate_Branch] FOREIGN KEY ([BranchID]) REFERENCES [Corporate].[Branch] ([BranchID])
)
GO

CREATE TABLE [Finance].[VoucherLine] (
    [VoucherLineID]   INT              IDENTITY (1, 1) NOT NULL,
    [VoucherID]       INT              NOT NULL,
    [FiscalPeriodID]  INT              NOT NULL,
    [BranchID]        INT              NOT NULL,
    [AccountID]       INT              NOT NULL,
    [DetailID]        INT              NULL,
    [CostCenterID]    INT              NULL,
    [ProjectID]       INT              NULL,
    [CurrencyID]      INT              NULL,
    [CreatedByID]     INT              NOT NULL,
    [RowNo]           INT              NOT NULL,
    [Debit]           MONEY            NOT NULL,
    [Credit]          MONEY            NOT NULL,
    [Description]     NVARCHAR(1024)   NULL,
    [Amount]          FLOAT            NULL,
    [FollowupNo]      NVARCHAR(64)     NULL,
    [CurrencyValue]   MONEY            NULL,
    [Mark]            NVARCHAR(128)    NULL,
    [TypeID]          SMALLINT         NOT NULL,
    [SourceID]        INT              NULL,
    [rowguid]         UNIQUEIDENTIFIER CONSTRAINT [DF_Finance_VoucherLine_rowguid] DEFAULT (newid()) ROWGUIDCOL NOT NULL,
    [ModifiedDate]    DATETIME         CONSTRAINT [DF_Finance_VoucherLine_ModifiedDate] DEFAULT (getdate()) NOT NULL
    , CONSTRAINT [PK_Finance_VoucherLine] PRIMARY KEY CLUSTERED ([VoucherLineID] ASC)
    , CONSTRAINT [FK_Finance_VoucherLine_Finance_Voucher] FOREIGN KEY ([VoucherID]) REFERENCES [Finance].[Voucher]([VoucherID])
    , CONSTRAINT [FK_Finance_VoucherLine_Finance_Currency] FOREIGN KEY ([CurrencyID]) REFERENCES [Finance].[Currency]([CurrencyID])
    , CONSTRAINT [FK_Finance_VoucherLine_Finance_Branch] FOREIGN KEY ([BranchID]) REFERENCES [Corporate].[Branch]([BranchID])
    , CONSTRAINT [FK_Finance_VoucherLine_Finance_FiscalPeriod] FOREIGN KEY ([FiscalPeriodID]) REFERENCES [Finance].[FiscalPeriod]([FiscalPeriodID])
    , CONSTRAINT [FK_Finance_VoucherLine_Finance_Account] FOREIGN KEY ([AccountID]) REFERENCES [Finance].[Account]([AccountID])
    , CONSTRAINT [FK_Finance_VoucherLine_Finance_DetailAccount] FOREIGN KEY ([DetailID]) REFERENCES [Finance].[DetailAccount]([DetailAccountID])
    , CONSTRAINT [FK_Finance_VoucherLine_Finance_CostCenter] FOREIGN KEY ([CostCenterID]) REFERENCES [Finance].[CostCenter]([CostCenterID])
    , CONSTRAINT [FK_Finance_VoucherLine_Finance_Project] FOREIGN KEY ([ProjectID]) REFERENCES [Finance].[Project]([ProjectID])
)
GO

CREATE TABLE [Finance].[AccountDetailAccount] (
    [AccountDetailAccountID] INT              IDENTITY (1, 1) NOT NULL,
    [AccountID]              INT              NOT NULL,
    [DetailID]               INT              NOT NULL,
    [rowguid]                UNIQUEIDENTIFIER CONSTRAINT [DF_Finance_AccountDetailAccount_rowguid] DEFAULT (newid()) ROWGUIDCOL NOT NULL,
    [ModifiedDate]           DATETIME         CONSTRAINT [DF_Finance_AccountDetailAccount_ModifiedDate] DEFAULT (getdate()) NOT NULL
    , CONSTRAINT [PK_Finance_AccountDetailAccount] PRIMARY KEY CLUSTERED ([AccountDetailAccountID] ASC)
    , CONSTRAINT [FK_Finance_AccountDetailAccount_Finance_Account] FOREIGN KEY ([AccountID]) REFERENCES [Finance].[Account] ([AccountID])
    , CONSTRAINT [FK_Finance_AccountDetailAccount_Finance_DetailAccount] FOREIGN KEY ([DetailID]) REFERENCES [Finance].[DetailAccount] ([DetailAccountID])
)
GO

CREATE TABLE [Finance].[AccountCostCenter] (
    [AccountCostCenterID] INT              IDENTITY (1, 1) NOT NULL,
    [AccountID]           INT              NOT NULL,
    [CostCenterID]        INT              NOT NULL,
    [rowguid]             UNIQUEIDENTIFIER CONSTRAINT [DF_Finance_AccountCostCenter_rowguid] DEFAULT (newid()) ROWGUIDCOL NOT NULL,
    [ModifiedDate]        DATETIME         CONSTRAINT [DF_Finance_AccountCostCenter_ModifiedDate] DEFAULT (getdate()) NOT NULL
    , CONSTRAINT [PK_Finance_AccountCostCenter] PRIMARY KEY CLUSTERED ([AccountCostCenterID] ASC)
    , CONSTRAINT [FK_Finance_AccountCostCenter_Finance_Account] FOREIGN KEY ([AccountID]) REFERENCES [Finance].[Account] ([AccountID])
    , CONSTRAINT [FK_Finance_AccountCostCenter_Finance_CostCenter] FOREIGN KEY ([CostCenterID]) REFERENCES [Finance].[CostCenter] ([CostCenterID])
)
GO

CREATE TABLE [Finance].[AccountProject] (
    [AccountProjectID] INT              IDENTITY (1, 1) NOT NULL,
    [AccountID]        INT              NOT NULL,
    [ProjectID]        INT              NOT NULL,
    [rowguid]          UNIQUEIDENTIFIER CONSTRAINT [DF_Finance_AccountProject_rowguid] DEFAULT (newid()) ROWGUIDCOL NOT NULL,
    [ModifiedDate]     DATETIME         CONSTRAINT [DF_Finance_AccountProject_ModifiedDate] DEFAULT (getdate()) NOT NULL
    , CONSTRAINT [PK_Finance_AccountProject] PRIMARY KEY CLUSTERED ([AccountProjectID] ASC)
    , CONSTRAINT [FK_Finance_AccountProject_Finance_Account] FOREIGN KEY ([AccountID]) REFERENCES [Finance].[Account] ([AccountID])
    , CONSTRAINT [FK_Finance_AccountProject_Finance_Project] FOREIGN KEY ([ProjectID]) REFERENCES [Finance].[Project] ([ProjectID])
)
GO

CREATE TABLE [Finance].[InactiveAccount] (
    [InactiveAccountID]  INT              IDENTITY (1, 1) NOT NULL,
    [AccountID]          INT              NOT NULL,
    [FiscalPeriodID]     INT              NOT NULL,
    [rowguid]            UNIQUEIDENTIFIER CONSTRAINT [DF_Finance_InactiveAccount_rowguid] DEFAULT (newid()) ROWGUIDCOL NOT NULL,
    [ModifiedDate]       DATETIME         CONSTRAINT [DF_Finance_InactiveAccount_ModifiedDate] DEFAULT (getdate()) NOT NULL
    , CONSTRAINT [PK_Finance_InactiveAccount] PRIMARY KEY CLUSTERED ([InactiveAccountID] ASC)
    , CONSTRAINT [FK_Finance_InactiveAccount_Finance_Account] FOREIGN KEY ([AccountID]) REFERENCES [Finance].[Account] ([AccountID])
    , CONSTRAINT [FK_Finance_InactiveAccount_Finance_FiscalPeriod] FOREIGN KEY ([FiscalPeriodID]) REFERENCES [Finance].[FiscalPeriod] ([FiscalPeriodID])
)
GO

CREATE TABLE [Finance].[InactiveCurrency] (
    [InactiveCurrencyID] INT              IDENTITY (1, 1) NOT NULL,
    [CurrencyID]         INT              NOT NULL,
    [FiscalPeriodID]     INT              NOT NULL,
    [rowguid]            UNIQUEIDENTIFIER CONSTRAINT [DF_Finance_InactiveCurrency_rowguid] DEFAULT (newid()) ROWGUIDCOL NOT NULL,
    [ModifiedDate]       DATETIME         CONSTRAINT [DF_Finance_InactiveCurrency_ModifiedDate] DEFAULT (getdate()) NOT NULL
    , CONSTRAINT [PK_Finance_InactiveCurrency] PRIMARY KEY CLUSTERED ([InactiveCurrencyID] ASC)
    , CONSTRAINT [FK_Finance_InactiveCurrency_Finance_Currency] FOREIGN KEY ([CurrencyID]) REFERENCES [Finance].[Currency] ([CurrencyID])
    , CONSTRAINT [FK_Finance_InactiveCurrency_Finance_FiscalPeriod] FOREIGN KEY ([FiscalPeriodID]) REFERENCES [Finance].[FiscalPeriod] ([FiscalPeriodID])
)
GO

CREATE TABLE [Check].[CheckBook] (
    [CheckBookID]     INT              IDENTITY (1, 1) NOT NULL,
    [BranchID]        INT              NOT NULL,
    [AccountID]       INT              NOT NULL,
    [DetailAccountID] INT              NULL,
    [CostCenterID]    INT              NULL,
    [ProjectID]       INT              NULL,
    [FiscalPeriodID]  INT              CONSTRAINT [DF_Check_CheckBook_FiscalPeriodID] DEFAULT (0) NULL,
    [CheckBookNo]     NVARCHAR(32)     NOT NULL,
    [Name]            NVARCHAR(64)     NOT NULL,
    [IssueDate]       DATETIME         NOT NULL,
    [StartNo]         NVARCHAR(32)     NOT NULL,
    [EndNo]           NVARCHAR(32)     NOT NULL,
    [BankName]        NVARCHAR(32)     NULL,
    [IsArchived]      BIT              NULL,
    [rowguid]         UNIQUEIDENTIFIER CONSTRAINT [DF_Check_CheckBook_rowguid] DEFAULT (newid()) ROWGUIDCOL NOT NULL,
    [ModifiedDate]    DATETIME         CONSTRAINT [DF_Check_CheckBook_ModifiedDate] DEFAULT (getdate()) NOT NULL
    , CONSTRAINT [PK_Check_CheckBook] PRIMARY KEY CLUSTERED ([CheckBookID] ASC)
    , CONSTRAINT [FK_Check_CheckBook_Corporate_Branch] FOREIGN KEY ([BranchID]) REFERENCES [Corporate].[Branch]([BranchID])
    , CONSTRAINT [FK_Check_CheckBook_Finance_Account] FOREIGN KEY ([AccountID]) REFERENCES [Finance].[Account]([AccountID])
    , CONSTRAINT [FK_Check_CheckBook_Finance_DetailAccount] FOREIGN KEY ([DetailAccountID]) REFERENCES [Finance].[DetailAccount]([DetailAccountID])
    , CONSTRAINT [FK_Check_CheckBook_Finance_CostCenter] FOREIGN KEY ([CostCenterID]) REFERENCES [Finance].[CostCenter]([CostCenterID])
    , CONSTRAINT [FK_Check_CheckBook_Finance_Project] FOREIGN KEY ([ProjectID]) REFERENCES [Finance].[Project]([ProjectID])
)
GO

CREATE TABLE [Check].[CheckBookPage] (
    [CheckBookPageID]   INT              IDENTITY (1, 1) NOT NULL,
    [CheckBookID]       INT              NOT NULL,
    [SerialNo]          NVARCHAR(64)     NOT NULL,
    [Status]            SMALLINT         NULL,
    [CheckId]           INT              NULL,
    [rowguid]           UNIQUEIDENTIFIER CONSTRAINT [DF_Check_CheckBookPage_rowguid] DEFAULT (newid()) ROWGUIDCOL NOT NULL,
    [ModifiedDate]      DATETIME         CONSTRAINT [DF_Check_CheckBookPage_ModifiedDate] DEFAULT (getdate()) NOT NULL
    , CONSTRAINT [PK_Check_CheckBookPage] PRIMARY KEY CLUSTERED ([CheckBookPageID] ASC)
    , CONSTRAINT [FK_Check_CheckBookPage_Check_CheckBook] FOREIGN KEY ([CheckBookID]) REFERENCES [Check].[CheckBook]([CheckBookID])
)
GO

CREATE TABLE [Reporting].[Dashboard] (
    [DashboardID]      INT              IDENTITY (1, 1) NOT NULL,
    [UserID]           INT              NOT NULL,
    [rowguid]          UNIQUEIDENTIFIER CONSTRAINT [DF_Reporting_Dashboard_rowguid] DEFAULT (newid()) ROWGUIDCOL NOT NULL,
    [ModifiedDate]     DATETIME         CONSTRAINT [DF_Reporting_Dashboard_ModifiedDate] DEFAULT (getdate()) NOT NULL
    , CONSTRAINT [PK_Reporting_Dashboard] PRIMARY KEY CLUSTERED ([DashboardID] ASC)
)
GO

CREATE TABLE [Reporting].[DashboardTab] (
    [DashboardTabID]   INT              IDENTITY (1, 1) NOT NULL,
    [DashboardID]      INT              NOT NULL,
    [Index]            INT              NOT NULL,
	[Title]            NVARCHAR(128)    NOT NULL,
    [rowguid]          UNIQUEIDENTIFIER CONSTRAINT [DF_Reporting_DashboardTab_rowguid] DEFAULT (newid()) ROWGUIDCOL NOT NULL,
    [ModifiedDate]     DATETIME         CONSTRAINT [DF_Reporting_DashboardTab_ModifiedDate] DEFAULT (getdate()) NOT NULL
    , CONSTRAINT [PK_Reporting_DashboardTab] PRIMARY KEY CLUSTERED ([DashboardTabID] ASC)
    , CONSTRAINT [FK_Reporting_DashboardTab_Reporting_Dashboard] FOREIGN KEY ([DashboardID]) REFERENCES [Reporting].[Dashboard]([DashboardID])
)
GO

CREATE TABLE [Reporting].[WidgetFunction] (
    [WidgetFunctionID] INT              IDENTITY (1, 1) NOT NULL,
    [Name]         NVARCHAR(64)     NOT NULL,
    [Description]  NVARCHAR(512)    NULL,
    [rowguid]      UNIQUEIDENTIFIER CONSTRAINT [DF_Reporting_WidgetFunction_rowguid] DEFAULT (newid()) ROWGUIDCOL NOT NULL,
    [ModifiedDate] DATETIME         CONSTRAINT [DF_Reporting_WidgetFunction_ModifiedDate] DEFAULT (getdate()) NOT NULL
    , CONSTRAINT [PK_Reporting_WidgetFunction] PRIMARY KEY CLUSTERED ([WidgetFunctionID] ASC)
)
GO

CREATE TABLE [Reporting].[WidgetType] (
    [WidgetTypeID]     INT              IDENTITY (1, 1) NOT NULL,
    [Name]             NVARCHAR(64)     NOT NULL,
    [Description]      NVARCHAR(512)    NULL,
    [rowguid]          UNIQUEIDENTIFIER CONSTRAINT [DF_Reporting_WidgetType_rowguid] DEFAULT (newid()) ROWGUIDCOL NOT NULL,
    [ModifiedDate]     DATETIME         CONSTRAINT [DF_Reporting_WidgetType_ModifiedDate] DEFAULT (getdate()) NOT NULL
    , CONSTRAINT [PK_Reporting_WidgetType] PRIMARY KEY CLUSTERED ([WidgetTypeID] ASC)
)
GO

CREATE TABLE [Reporting].[FunctionParameter] (
    [FunctionParameterID]   INT              IDENTITY (1, 1) NOT NULL,
    [Name]                  NVARCHAR(64)     NOT NULL,
    [Alias]                 NVARCHAR(64)     NOT NULL,
    [Type]                  NVARCHAR(64)     NOT NULL,
    [DefaultValue]          NVARCHAR(128)    NOT NULL,
    [Description]           NVARCHAR(512)    NULL,
    [rowguid]               UNIQUEIDENTIFIER CONSTRAINT [DF_Reporting_FunctionParameter_rowguid] DEFAULT (newid()) ROWGUIDCOL NOT NULL,
    [ModifiedDate]          DATETIME         CONSTRAINT [DF_Reporting_FunctionParameter_ModifiedDate] DEFAULT (getdate()) NOT NULL
    , CONSTRAINT [PK_Reporting_FunctionParameter] PRIMARY KEY CLUSTERED ([FunctionParameterID] ASC)
)
GO

CREATE TABLE [Reporting].[UsedParameter] (
    [UsedParameterID]   INT              IDENTITY (1, 1) NOT NULL,
    [ParameterID]       INT              NOT NULL,
    [FunctionID]        INT              NOT NULL,
    [rowguid]           UNIQUEIDENTIFIER CONSTRAINT [DF_Reporting_UsedParameter_rowguid] DEFAULT (newid()) ROWGUIDCOL NOT NULL,
    [ModifiedDate]      DATETIME         CONSTRAINT [DF_Reporting_UsedParameter_ModifiedDate] DEFAULT (getdate()) NOT NULL
    , CONSTRAINT [PK_Reporting_UsedParameter] PRIMARY KEY CLUSTERED ([UsedParameterID] ASC)
    , CONSTRAINT [FK_Reporting_UsedParameter_Reporting_Parameter] FOREIGN KEY ([ParameterID]) REFERENCES [Reporting].[FunctionParameter]([FunctionParameterID])
    , CONSTRAINT [FK_Reporting_UsedParameter_Reporting_Function] FOREIGN KEY ([FunctionID]) REFERENCES [Reporting].[WidgetFunction]([WidgetFunctionID])
)
GO

CREATE TABLE [Reporting].[Widget] (
    [WidgetID]         INT              IDENTITY (1, 1) NOT NULL,
    [CreatedByID]      INT              NOT NULL,
    [FunctionID]       INT              NOT NULL,
    [TypeID]           INT              NOT NULL,
    [Title]            NVARCHAR(128)    NOT NULL,
    [DefaultSettings]  NVARCHAR(1024)   NOT NULL,
    [Description]      NVARCHAR(512)    NULL,
    [rowguid]          UNIQUEIDENTIFIER CONSTRAINT [DF_Reporting_Widget_rowguid] DEFAULT (newid()) ROWGUIDCOL NOT NULL,
    [ModifiedDate]     DATETIME         CONSTRAINT [DF_Reporting_Widget_ModifiedDate] DEFAULT (getdate()) NOT NULL
    , CONSTRAINT [PK_Reporting_Widget] PRIMARY KEY CLUSTERED ([WidgetID] ASC)
    , CONSTRAINT [FK_Reporting_Widget_Reporting_WidgetFunction] FOREIGN KEY ([FunctionID]) REFERENCES [Reporting].[WidgetFunction]([WidgetFunctionID])
    , CONSTRAINT [FK_Reporting_Widget_Reporting_WidgetType] FOREIGN KEY ([TypeID]) REFERENCES [Reporting].[WidgetType]([WidgetTypeID])
)
GO

CREATE TABLE [Reporting].[WidgetAccount] (
    [WidgetAccountID]  INT              IDENTITY (1, 1) NOT NULL,
    [WidgetID]         INT              NOT NULL,
    [AccountID]        INT              NULL,
    [DetailAccountID]  INT              NULL,
    [CostCenterID]     INT              NULL,
    [ProjectID]        INT              NULL,
    [rowguid]          UNIQUEIDENTIFIER CONSTRAINT [DF_Reporting_WidgetAccount_rowguid] DEFAULT (newid()) ROWGUIDCOL NOT NULL,
    [ModifiedDate]     DATETIME         CONSTRAINT [DF_Reporting_WidgetAccount_ModifiedDate] DEFAULT (getdate()) NOT NULL
    , CONSTRAINT [PK_Reporting_WidgetAccount] PRIMARY KEY CLUSTERED ([WidgetAccountID] ASC)
    , CONSTRAINT [FK_Reporting_WidgetAccount_Reporting_Widget] FOREIGN KEY ([WidgetID]) REFERENCES [Reporting].[Widget]([WidgetID])
    , CONSTRAINT [FK_Reporting_WidgetAccount_Finance_Account] FOREIGN KEY ([AccountID]) REFERENCES [Finance].[Account]([AccountID])
    , CONSTRAINT [FK_Reporting_WidgetAccount_Finance_DetailAccount] FOREIGN KEY ([DetailAccountID]) REFERENCES [Finance].[DetailAccount]([DetailAccountID])
    , CONSTRAINT [FK_Reporting_WidgetAccount_Finance_CostCenter] FOREIGN KEY ([CostCenterID]) REFERENCES [Finance].[CostCenter]([CostCenterID])
    , CONSTRAINT [FK_Reporting_WidgetAccount_Finance_Project] FOREIGN KEY ([ProjectID]) REFERENCES [Finance].[Project]([ProjectID])
)
GO

CREATE TABLE [Reporting].[TabWidget] (
    [TabWidgetID]     INT              IDENTITY (1, 1) NOT NULL,
    [TabID]           INT              NOT NULL,
    [WidgetID]        INT              NOT NULL,
    [Settings]        NVARCHAR(1024)   NOT NULL,
    [DefaultSettings] NVARCHAR(1024)   NOT NULL,
    [rowguid]         UNIQUEIDENTIFIER CONSTRAINT [DF_Reporting_TabWidget_rowguid] DEFAULT (newid()) ROWGUIDCOL NOT NULL,
    [ModifiedDate]    DATETIME         CONSTRAINT [DF_Reporting_TabWidget_ModifiedDate] DEFAULT (getdate()) NOT NULL
    , CONSTRAINT [PK_Reporting_TabWidget] PRIMARY KEY CLUSTERED ([TabWidgetID] ASC)
    , CONSTRAINT [FK_Reporting_TabWidget_Reporting_Widget] FOREIGN KEY ([WidgetID]) REFERENCES [Reporting].[Widget]([WidgetID])
    , CONSTRAINT [FK_Reporting_TabWidget_Reporting_DashboardTab] FOREIGN KEY ([TabID]) REFERENCES [Reporting].[DashboardTab]([DashboardTabID])
)
GO

CREATE TABLE [Auth].[RoleWidget] (
    [RoleWidgetID] INT              IDENTITY (1, 1) NOT NULL,
    [RoleID]       INT              NOT NULL,
    [WidgetID]     INT              NOT NULL,
    [rowguid]      UNIQUEIDENTIFIER CONSTRAINT [DF_Auth_RoleWidget_rowguid] DEFAULT (newid()) ROWGUIDCOL NOT NULL,
    [ModifiedDate] DATETIME         CONSTRAINT [DF_Auth_RoleWidget_ModifiedDate] DEFAULT (getdate()) NOT NULL
    , CONSTRAINT [PK_Auth_RoleWidget] PRIMARY KEY CLUSTERED ([RoleWidgetID] ASC)
    , CONSTRAINT [FK_Auth_RoleWidget_Reporting_Widget] FOREIGN KEY ([WidgetID]) REFERENCES [Reporting].[Widget]([WidgetID])
)
GO

CREATE TABLE [Core].[Filter] (
    [FilterID]       INT              IDENTITY (1, 1) NOT NULL,
    [ViewId]         INT              NOT NULL,
    [UserId]         INT              NOT NULL,
    [Name]           NVARCHAR(128)    NOT NULL,
    [IsPublic]       BIT              NOT NULL,
    [Values]         NVARCHAR(2048)   NOT NULL,
    [rowguid]        UNIQUEIDENTIFIER CONSTRAINT [DF_Core_Filter_rowguid] DEFAULT (newid()) ROWGUIDCOL NOT NULL,
    [ModifiedDate]   DATETIME         CONSTRAINT [DF_Core_Filter_ModifiedDate] DEFAULT (getdate()) NOT NULL
    , CONSTRAINT [PK_Core_Filter] PRIMARY KEY CLUSTERED ([FilterID] ASC)
)
GO

CREATE TABLE [Finance].[CustomerTaxInfo] (
    [CustomerTaxInfoID]   INT              IDENTITY (1, 1) NOT NULL,  
	[AccountID]           INT              NOT NULL,  
    [CustomerFirstName]   NVARCHAR(64)     NULL,
    [CustomerName]        NVARCHAR(128)    NOT NULL,
    [PersonType]          INT              NOT NULL,
    [BuyerType]           INT              NOT NULL,
    [EconomicCode]        NVARCHAR(12)     NULL,
    [Address]             NVARCHAR(256)    NOT NULL,
    [NationalCode]        NVARCHAR(11)     NOT NULL,
    [PerCityCode]         NVARCHAR(10)     NOT NULL,
    [PhoneNo]             NVARCHAR(64)     NOT NULL,
    [MobileNo]            NVARCHAR(64)     NOT NULL,
    [PostalCode]          NVARCHAR(10)     NOT NULL,
	[ProvinceCode]        NVARCHAR(4)      NOT NULL,
    [CityCode]            NVARCHAR(16)     NOT NULL,
    [Description]         NVARCHAR(1024)   NULL,
	[rowguid]             UNIQUEIDENTIFIER CONSTRAINT [DF_Finance_CustomerTaxInfo_rowguid] DEFAULT (newid()) ROWGUIDCOL NOT NULL,
    [ModifiedDate]        DATETIME         CONSTRAINT [DF_Finance_CustomerTaxInfo_ModifiedDate] DEFAULT (getdate()) NOT NULL
    , CONSTRAINT [PK_Finance_CustomerTaxInfo] PRIMARY KEY CLUSTERED ([CustomerTaxInfoID] ASC)
    , CONSTRAINT [FK_Finance_CustomerTaxInfo_Finance_Account] FOREIGN KEY ([AccountID]) REFERENCES [Finance].[Account] ([AccountID])
)
GO

CREATE TABLE [Finance].[AccountOwner] (
    [AccountOwnerID]   INT              IDENTITY (1, 1) NOT NULL,
    [AccountID]        INT              NOT NULL,    
    [BankName]         NVARCHAR(64)     NOT NULL,
    [AccountType]      INT              NOT NULL,
    [BankBranchName]   NVARCHAR(64)     NOT NULL,
    [BranchIndex]      NVARCHAR(64)     NOT NULL,
    [AccountNumber]    NVARCHAR(32)     NOT NULL,
    [CardNumber]       NVARCHAR(32)     NULL,
    [ShabaNumber]      NVARCHAR(32)     NULL,
    [Description]      NVARCHAR(512)    NULL,
	[rowguid]          UNIQUEIDENTIFIER CONSTRAINT [DF_Finance_AccountOwner_rowguid] DEFAULT (newid()) ROWGUIDCOL NOT NULL,
    [ModifiedDate]     DATETIME         CONSTRAINT [DF_Finance_AccountOwner_ModifiedDate] DEFAULT (getdate()) NOT NULL
    , CONSTRAINT [PK_Finance_AccountOwner] PRIMARY KEY CLUSTERED ([AccountOwnerID] ASC)
    , CONSTRAINT [FK_Finance_AccountOwner_Finance_Account] FOREIGN KEY ([AccountID]) REFERENCES [Finance].[Account]([AccountID])
)
GO


CREATE TABLE [Finance].[AccountHolder] (
    [AccountHolderID]   INT              IDENTITY (1, 1) NOT NULL,
    [AccountOwnerID]    INT              NOT NULL,    
    [FirstName]         NVARCHAR(64)     NOT NULL,
    [LastName]          NVARCHAR(64)     NOT NULL,
    [HasSignature]      BIT              NOT NULL,
	[rowguid]           UNIQUEIDENTIFIER CONSTRAINT [DF_Finance_AccountHolder_rowguid] DEFAULT (newid()) ROWGUIDCOL NOT NULL,
    [ModifiedDate]      DATETIME         CONSTRAINT [DF_Finance_AccountHolder_ModifiedDate] DEFAULT (getdate()) NOT NULL
    , CONSTRAINT [PK_Finance_AccountHolder] PRIMARY KEY CLUSTERED ([AccountHolderID] ASC)
    , CONSTRAINT [FK_Finance_AccountHolder_Finance_AccountOwner] FOREIGN KEY ([AccountOwnerID]) REFERENCES [Finance].[AccountOwner]([AccountOwnerID])
)
GO

CREATE TABLE [Metadata].[Province] (
    [ProvinceID]     INT              IDENTITY (1, 1) NOT NULL,
	[Name]           NVARCHAR(64)     NOT NULL,
    [Code]           NVARCHAR(4)      NOT NULL,
    [rowguid]        UNIQUEIDENTIFIER CONSTRAINT [DF_Metadata_Province_rowguid] DEFAULT (newid()) ROWGUIDCOL NOT NULL,
    [ModifiedDate]   DATETIME         CONSTRAINT [DF_Metadata_Province_ModifiedDate] DEFAULT (getdate()) NOT NULL
    , CONSTRAINT [PK_Metadata_Province] PRIMARY KEY CLUSTERED ([ProvinceID] ASC)
)
GO

CREATE TABLE [Metadata].[City] (
    [CityID]         INT              IDENTITY (1, 1) NOT NULL,
    [ProvinceID]     INT              NOT NULL,
	[Name]           NVARCHAR(64)     NOT NULL,
    [Code]           NVARCHAR(16)     NOT NULL,
    [rowguid]        UNIQUEIDENTIFIER CONSTRAINT [DF_Metadata_City_rowguid] DEFAULT (newid()) ROWGUIDCOL NOT NULL,
    [ModifiedDate]   DATETIME         CONSTRAINT [DF_Metadata_City_ModifiedDate] DEFAULT (getdate()) NOT NULL
    , CONSTRAINT [PK_Metadata_City] PRIMARY KEY CLUSTERED ([CityID] ASC)
    , CONSTRAINT [FK_Metadata_City_Metadata_Province] FOREIGN KEY ([ProvinceID]) REFERENCES [Metadata].[Province]([ProvinceID])
)
GO

CREATE TABLE [CashFlow].[CashRegister] (
    [CashRegisterID]   INT              IDENTITY (1, 1) NOT NULL,
    [BranchID]         INT              NOT NULL,
    [FiscalPeriodID]   INT              NOT NULL,
    [BranchScope]      SMALLINT         NOT NULL,
    [Name]             NVARCHAR(256)    NOT NULL,
    [Description]      NVARCHAR(256)    NULL,
    [rowguid]          UNIQUEIDENTIFIER CONSTRAINT [DF_CashFlow_CashRegister_rowguid] DEFAULT (newid()) ROWGUIDCOL NOT NULL,
    [ModifiedDate]     DATETIME         CONSTRAINT [DF_CashFlow_CashRegister_ModifiedDate] DEFAULT (getdate()) NOT NULL
    , CONSTRAINT [PK_CashFlow_CashRegister] PRIMARY KEY CLUSTERED ([CashRegisterID] ASC)
    , CONSTRAINT [FK_CashFlow_CashRegister_Corporate_Branch] FOREIGN KEY ([BranchID]) REFERENCES [Corporate].[Branch]([BranchID])
    , CONSTRAINT [FK_CashFlow_CashRegister_Finance_FiscalPeriod] FOREIGN KEY ([FiscalPeriodID]) REFERENCES [Finance].[FiscalPeriod]([FiscalPeriodID])
)
GO

CREATE TABLE [CashFlow].[UserCashRegister] (
    [UserCashRegisterID]   INT              IDENTITY (1, 1) NOT NULL,
    [CashRegisterID]       INT              NOT NULL,
    [UserID]               INT              NOT NULL,
    [rowguid]              UNIQUEIDENTIFIER CONSTRAINT [DF_CashFlow_UserCashRegister_rowguid] DEFAULT (newid()) ROWGUIDCOL NOT NULL,
    [ModifiedDate]         DATETIME         CONSTRAINT [DF_CashFlow_UserCashRegister_ModifiedDate] DEFAULT (getdate()) NOT NULL
    , CONSTRAINT [PK_CashFlow_UserCashRegister] PRIMARY KEY CLUSTERED ([UserCashRegisterID] ASC)
    , CONSTRAINT [FK_CashFlow_UserCashRegister_CashFlow_CashRegister] FOREIGN KEY ([CashRegisterID]) REFERENCES [CashFlow].[CashRegister]([CashRegisterID])
)
GO

-- Insert system records...
SET IDENTITY_INSERT [Reporting].[WidgetFunction] ON 
INSERT [Reporting].[WidgetFunction] ([WidgetFunctionID], [Name]) VALUES (1, N'Function_DebitTurnover')
INSERT [Reporting].[WidgetFunction] ([WidgetFunctionID], [Name]) VALUES (2, N'Function_CreditTurnover')
INSERT [Reporting].[WidgetFunction] ([WidgetFunctionID], [Name]) VALUES (3, N'Function_NetTurnover')
INSERT [Reporting].[WidgetFunction] ([WidgetFunctionID], [Name]) VALUES (4, N'Function_Balance')
INSERT [Reporting].[WidgetFunction] ([WidgetFunctionID], [Name]) VALUES (5, N'FunctionXB_LiquidRatio')
INSERT [Reporting].[WidgetFunction] ([WidgetFunctionID], [Name]) VALUES (6, N'FunctionXT_GrossSales')
INSERT [Reporting].[WidgetFunction] ([WidgetFunctionID], [Name]) VALUES (7, N'FunctionXT_NetSales')
INSERT [Reporting].[WidgetFunction] ([WidgetFunctionID], [Name]) VALUES (8, N'FunctionXB_BankBalance')
INSERT [Reporting].[WidgetFunction] ([WidgetFunctionID], [Name]) VALUES (9, N'FunctionXB_CashBalance')
SET IDENTITY_INSERT [Reporting].[WidgetFunction] OFF

SET IDENTITY_INSERT [Reporting].[WidgetType] ON 
INSERT [Reporting].[WidgetType] ([WidgetTypeID], [Name]) VALUES (1, N'Chart_ColumnChart')
INSERT [Reporting].[WidgetType] ([WidgetTypeID], [Name]) VALUES (2, N'Chart_BarChart')
INSERT [Reporting].[WidgetType] ([WidgetTypeID], [Name]) VALUES (3, N'Chart_LineGraph')
INSERT [Reporting].[WidgetType] ([WidgetTypeID], [Name]) VALUES (4, N'Chart_PieChart')
INSERT [Reporting].[WidgetType] ([WidgetTypeID], [Name]) VALUES (10, N'Gauge_Circular')
SET IDENTITY_INSERT [Reporting].[WidgetType] OFF

SET IDENTITY_INSERT [Reporting].[FunctionParameter] ON
INSERT [Reporting].[FunctionParameter] ([FunctionParameterID], [Name], [Alias], [Type], [DefaultValue])
  VALUES (1, N'FromDate', N'from', N'System.DateTime', N'FiscalPeriodStart')
INSERT [Reporting].[FunctionParameter] ([FunctionParameterID], [Name], [Alias], [Type], [DefaultValue])
  VALUES (2, N'ToDate', N'to', N'System.DateTime', N'FiscalPeriodEnd')
INSERT [Reporting].[FunctionParameter] ([FunctionParameterID], [Name], [Alias], [Type], [DefaultValue])
  VALUES (3, N'DateUnit', N'unit', N'System.Int32', N'Monthly')
INSERT [Reporting].[FunctionParameter] ([FunctionParameterID], [Name], [Alias], [Type], [DefaultValue])
  VALUES (4, N'MinValue', N'min', N'System.Int32', N'0')
INSERT [Reporting].[FunctionParameter] ([FunctionParameterID], [Name], [Alias], [Type], [DefaultValue])
  VALUES (5, N'MaxValue', N'max', N'System.Int32', N'100')
SET IDENTITY_INSERT [Reporting].[FunctionParameter] OFF

SET IDENTITY_INSERT [Reporting].[UsedParameter] ON
INSERT [Reporting].[UsedParameter] ([UsedParameterID], [FunctionID], [ParameterID]) VALUES (1, 1, 1)
INSERT [Reporting].[UsedParameter] ([UsedParameterID], [FunctionID], [ParameterID]) VALUES (2, 1, 2)
INSERT [Reporting].[UsedParameter] ([UsedParameterID], [FunctionID], [ParameterID]) VALUES (3, 1, 3)
INSERT [Reporting].[UsedParameter] ([UsedParameterID], [FunctionID], [ParameterID]) VALUES (4, 2, 1)
INSERT [Reporting].[UsedParameter] ([UsedParameterID], [FunctionID], [ParameterID]) VALUES (5, 2, 2)
INSERT [Reporting].[UsedParameter] ([UsedParameterID], [FunctionID], [ParameterID]) VALUES (6, 2, 3)
INSERT [Reporting].[UsedParameter] ([UsedParameterID], [FunctionID], [ParameterID]) VALUES (7, 3, 1)
INSERT [Reporting].[UsedParameter] ([UsedParameterID], [FunctionID], [ParameterID]) VALUES (8, 3, 2)
INSERT [Reporting].[UsedParameter] ([UsedParameterID], [FunctionID], [ParameterID]) VALUES (9, 3, 3)
INSERT [Reporting].[UsedParameter] ([UsedParameterID], [FunctionID], [ParameterID]) VALUES (10, 4, 1)
INSERT [Reporting].[UsedParameter] ([UsedParameterID], [FunctionID], [ParameterID]) VALUES (11, 4, 2)
INSERT [Reporting].[UsedParameter] ([UsedParameterID], [FunctionID], [ParameterID]) VALUES (12, 4, 3)
INSERT [Reporting].[UsedParameter] ([UsedParameterID], [FunctionID], [ParameterID]) VALUES (13, 5, 2)
INSERT [Reporting].[UsedParameter] ([UsedParameterID], [FunctionID], [ParameterID]) VALUES (14, 5, 4)
INSERT [Reporting].[UsedParameter] ([UsedParameterID], [FunctionID], [ParameterID]) VALUES (15, 5, 5)
INSERT [Reporting].[UsedParameter] ([UsedParameterID], [FunctionID], [ParameterID]) VALUES (16, 6, 1)
INSERT [Reporting].[UsedParameter] ([UsedParameterID], [FunctionID], [ParameterID]) VALUES (17, 6, 2)
INSERT [Reporting].[UsedParameter] ([UsedParameterID], [FunctionID], [ParameterID]) VALUES (18, 6, 3)
INSERT [Reporting].[UsedParameter] ([UsedParameterID], [FunctionID], [ParameterID]) VALUES (19, 7, 1)
INSERT [Reporting].[UsedParameter] ([UsedParameterID], [FunctionID], [ParameterID]) VALUES (20, 7, 2)
INSERT [Reporting].[UsedParameter] ([UsedParameterID], [FunctionID], [ParameterID]) VALUES (21, 7, 3)
INSERT [Reporting].[UsedParameter] ([UsedParameterID], [FunctionID], [ParameterID]) VALUES (22, 8, 1)
INSERT [Reporting].[UsedParameter] ([UsedParameterID], [FunctionID], [ParameterID]) VALUES (23, 8, 2)
INSERT [Reporting].[UsedParameter] ([UsedParameterID], [FunctionID], [ParameterID]) VALUES (24, 8, 3)
INSERT [Reporting].[UsedParameter] ([UsedParameterID], [FunctionID], [ParameterID]) VALUES (25, 9, 1)
INSERT [Reporting].[UsedParameter] ([UsedParameterID], [FunctionID], [ParameterID]) VALUES (26, 9, 2)
INSERT [Reporting].[UsedParameter] ([UsedParameterID], [FunctionID], [ParameterID]) VALUES (27, 9, 3)
SET IDENTITY_INSERT [Reporting].[UsedParameter] OFF

SET IDENTITY_INSERT [Core].[DocumentStatus] ON
INSERT INTO [Core].[DocumentStatus] (StatusID, Name) VALUES (1, N'NotChecked')
INSERT INTO [Core].[DocumentStatus] (StatusID, Name) VALUES (2, N'Checked')
INSERT INTO [Core].[DocumentStatus] (StatusID, Name) VALUES (3, N'Finalized')
SET IDENTITY_INSERT [Core].[DocumentStatus] OFF

SET IDENTITY_INSERT [Core].[DocumentType] ON
INSERT INTO [Core].[DocumentType] (TypeID, Name) VALUES (1, N'Voucher')
SET IDENTITY_INSERT [Core].[DocumentType] OFF

SET IDENTITY_INSERT [Config].[Setting] ON
INSERT INTO [Config].[Setting] (SettingID, TitleKey, [Type], ScopeType, ModelType, [Values], DefaultValues, DescriptionKey, IsStandalone)
    VALUES (1, 'AccountRelationsSettings', 2, 1, 'RelationsConfig', N'{"useLeafDetails": true, "useLeafCostCenters": true,"useLeafProjects": true}', N'{"useLeafDetails": true, "useLeafCostCenters": true,"useLeafProjects": true}', 'AccountRelationsSettingsDescription', 1)
INSERT INTO [Config].[Setting] (SettingID, TitleKey, [Type], ScopeType, ModelType, [Values], DefaultValues, DescriptionKey, IsStandalone)
    VALUES (2, 'DateRangeFilterSettings', 2, 0, 'DateRangeConfig', N'{"defaultDateRange": "FiscalStartToFiscalEnd"}', N'{"defaultDateRange": "FiscalStartToFiscalEnd"}', 'DateRangeFilterSettingsDescription', 1)
INSERT INTO [Config].[Setting] (SettingID, TitleKey, [Type], ScopeType, ModelType, [Values], DefaultValues, DescriptionKey, IsStandalone)
    VALUES (3, 'NumberCurrencySettings', 2, 0, 'NumberDisplayConfig', N'{"useSeparator": true, "separatorMode": "UseCustom", "separatorSymbol": ",", "decimalPrecision": 0, "maxPrecision": 8}', N'{"useSeparator": true, "separatorMode": "UseCustom", "separatorSymbol": ",", "decimalPrecision": 0, "maxPrecision": 8}', 'NumberCurrencySettingsDescription', 1)
INSERT INTO [Config].[Setting] (SettingID, TitleKey, [Type], ScopeType, ModelType, [Values], DefaultValues, DescriptionKey, IsStandalone)
    VALUES (5, 'ViewTreeSettings', 2, 2, 'ViewTreeConfig', N'{}', N'{}', 'ViewTreeSettingsDescription', 0)
INSERT INTO [Config].[Setting] (SettingID, TitleKey, [Type], ScopeType, ModelType, [Values], DefaultValues, DescriptionKey, IsStandalone)
    VALUES (6, 'QuickSearchSettings', 3, 2, 'QuickSearchConfig', N'{}', N'{}', 'QuickSearchSettingsDescription', 0)
INSERT INTO [Config].[Setting] (SettingID, TitleKey, [Type], ScopeType, ModelType, [Values], DefaultValues, DescriptionKey, IsStandalone)
    VALUES (8, 'SystemConfigurationSettings', 2, 1, 'SystemConfig', N'{"defaultCurrencyNameKey":"CUnit_IranianRial","defaultDecimalCount":0,"defaultCalendar":0,"defaultCalendars": [{"language":"fa", "calendar":0}, {"language":"en", "calendar":1}],"usesDefaultCoding":true,"inventoryMode": 1}', N'{"defaultCurrencyNameKey":"CUnit_IranianRial","defaultDecimalCount":0,"defaultCalendar":0,"defaultCalendars": [{"language":"fa", "calendar":0}, {"language":"en", "calendar":1}],"usesDefaultCoding":true,"inventoryMode": 1}', 'SystemConfigurationDescription', 1)
INSERT INTO [Config].[Setting] (SettingID, TitleKey, [Type], ScopeType, ModelType, [Values], DefaultValues, DescriptionKey, IsStandalone)
    VALUES (9, 'FinanceReportSettings', 2, 1, 'FinanceReportConfig', N'{"openingAsFirstVoucher":false,"startTurnoverAsInitBalance":false}', N'{"openingAsFirstVoucher":false,"startTurnoverAsInitBalance":false}', 'FinanceReportSettingsDescription', 1)
INSERT INTO [Config].[Setting] (SettingID, TitleKey, [Type], ScopeType, ModelType, [Values], DefaultValues, DescriptionKey, IsStandalone)
    VALUES (10, 'FormLabelSettings', 2, 3, 'FormLabelConfig', N'{}', N'{}', NULL, 0)
INSERT INTO [Config].[Setting] (SettingID, TitleKey, [Type], ScopeType, ModelType, [Values], DefaultValues, DescriptionKey, IsStandalone)
    VALUES (11, 'UserProfileSettings', 3, 1, 'UserProfileConfig', N'{}', N'{}', 'UserProfileSettingsDescription', 0)
SET IDENTITY_INSERT [Config].[Setting] OFF

SET IDENTITY_INSERT [Config].[ViewSetting] ON
INSERT INTO [Config].[ViewSetting] (ViewSettingID, SettingID, ViewID, ModelType, [Values], DefaultValues)
    VALUES (1, 5, 1, 'ViewTreeConfig', N'{"viewId":1,"maxDepth":3,"levels":[{"no":1,"name":"LevelGeneral","codeLength":3,"isEnabled": true,"isUsed":true},{"no":2,"name":"LevelAuxiliary","codeLength":3,"isEnabled": true,"isUsed":true},{"no":3,"name":"LevelDetail","codeLength":4,"isEnabled": true,"isUsed":true},{"no":4,"name":"LevelX","codeLength":4,"isEnabled":false,"isUsed":false},{"no":5,"name":"LevelX","codeLength":4,"isEnabled":false,"isUsed":false},{"no":6,"name":"LevelX","codeLength":4,"isEnabled":false,"isUsed":false},{"no":7,"name":"LevelX","codeLength":4,"isEnabled":false,"isUsed":false},{"no":8,"name":"LevelX","codeLength":4,"isEnabled":false,"isUsed":false},{"no":9,"name":"LevelX","codeLength":4,"isEnabled":false,"isUsed":false},{"no":10,"name":"LevelX","codeLength":4,"isEnabled":false,"isUsed":false},{"no":11,"name":"LevelX","codeLength":4,"isEnabled":false,"isUsed":false},{"no":12,"name":"LevelX","codeLength":4,"isEnabled":false,"isUsed":false},{"no":13,"name":"LevelX","codeLength":4,"isEnabled":false,"isUsed":false},{"no":14,"name":"LevelX","codeLength":4,"isEnabled":false,"isUsed":false},{"no":15,"name":"LevelX","codeLength":4,"isEnabled":false,"isUsed":false},{"no":16,"name":"LevelX","codeLength":4,"isEnabled":false,"isUsed":false}]}', N'{"viewId":1,"maxDepth":3,"levels":[{"no":1,"name":"LevelGeneral","codeLength":3,"isEnabled": true,"isUsed":true},{"no":2,"name":"LevelAuxiliary","codeLength":3,"isEnabled": true,"isUsed":true},{"no":3,"name":"LevelDetail","codeLength":4,"isEnabled": true,"isUsed":true},{"no":4,"name":"LevelX","codeLength":4,"isEnabled":false,"isUsed":false},{"no":5,"name":"LevelX","codeLength":4,"isEnabled":false,"isUsed":false},{"no":6,"name":"LevelX","codeLength":4,"isEnabled":false,"isUsed":false},{"no":7,"name":"LevelX","codeLength":4,"isEnabled":false,"isUsed":false},{"no":8,"name":"LevelX","codeLength":4,"isEnabled":false,"isUsed":false},{"no":9,"name":"LevelX","codeLength":4,"isEnabled":false,"isUsed":false},{"no":10,"name":"LevelX","codeLength":4,"isEnabled":false,"isUsed":false},{"no":11,"name":"LevelX","codeLength":4,"isEnabled":false,"isUsed":false},{"no":12,"name":"LevelX","codeLength":4,"isEnabled":false,"isUsed":false},{"no":13,"name":"LevelX","codeLength":4,"isEnabled":false,"isUsed":false},{"no":14,"name":"LevelX","codeLength":4,"isEnabled":false,"isUsed":false},{"no":15,"name":"LevelX","codeLength":4,"isEnabled":false,"isUsed":false},{"no":16,"name":"LevelX","codeLength":4,"isEnabled":false,"isUsed":false}]}')
INSERT INTO [Config].[ViewSetting] (ViewSettingID, SettingID, ViewID, ModelType, [Values], DefaultValues)
    VALUES (2, 5, 6, 'ViewTreeConfig', N'{"viewId":6,"maxDepth":4,"levels":[{"no":1,"name":"LevelX","codeLength":4,"isEnabled":true,"isUsed":false},{"no":2,"name":"LevelX","codeLength":4,"isEnabled":true,"isUsed":false},{"no":3,"name":"LevelX","codeLength":4,"isEnabled":true,"isUsed":false},{"no":4,"name":"LevelX","codeLength":4,"isEnabled":true,"isUsed":false},{"no":5,"name":"LevelX","codeLength":4,"isEnabled":false,"isUsed":false},{"no":6,"name":"LevelX","codeLength":4,"isEnabled":false,"isUsed":false},{"no":7,"name":"LevelX","codeLength":4,"isEnabled":false,"isUsed":false},{"no":8,"name":"LevelX","codeLength":4,"isEnabled":false,"isUsed":false},{"no":9,"name":"LevelX","codeLength":4,"isEnabled":false,"isUsed":false},{"no":10,"name":"LevelX","codeLength":4,"isEnabled":false,"isUsed":false},{"no":11,"name":"LevelX","codeLength":4,"isEnabled":false,"isUsed":false},{"no":12,"name":"LevelX","codeLength":4,"isEnabled":false,"isUsed":false},{"no":13,"name":"LevelX","codeLength":4,"isEnabled":false,"isUsed":false},{"no":14,"name":"LevelX","codeLength":4,"isEnabled":false,"isUsed":false},{"no":15,"name":"LevelX","codeLength":4,"isEnabled":false,"isUsed":false},{"no":16,"name":"LevelX","codeLength":4,"isEnabled":false,"isUsed":false}]}', N'{"viewId":6,"maxDepth":4,"levels":[{"no":1,"name":"LevelX","codeLength":4,"isEnabled":true,"isUsed":false},{"no":2,"name":"LevelX","codeLength":4,"isEnabled":true,"isUsed":false},{"no":3,"name":"LevelX","codeLength":4,"isEnabled":true,"isUsed":false},{"no":4,"name":"LevelX","codeLength":4,"isEnabled":true,"isUsed":false},{"no":5,"name":"LevelX","codeLength":4,"isEnabled":false,"isUsed":false},{"no":6,"name":"LevelX","codeLength":4,"isEnabled":false,"isUsed":false},{"no":7,"name":"LevelX","codeLength":4,"isEnabled":false,"isUsed":false},{"no":8,"name":"LevelX","codeLength":4,"isEnabled":false,"isUsed":false},{"no":9,"name":"LevelX","codeLength":4,"isEnabled":false,"isUsed":false},{"no":10,"name":"LevelX","codeLength":4,"isEnabled":false,"isUsed":false},{"no":11,"name":"LevelX","codeLength":4,"isEnabled":false,"isUsed":false},{"no":12,"name":"LevelX","codeLength":4,"isEnabled":false,"isUsed":false},{"no":13,"name":"LevelX","codeLength":4,"isEnabled":false,"isUsed":false},{"no":14,"name":"LevelX","codeLength":4,"isEnabled":false,"isUsed":false},{"no":15,"name":"LevelX","codeLength":4,"isEnabled":false,"isUsed":false},{"no":16,"name":"LevelX","codeLength":4,"isEnabled":false,"isUsed":false}]}')
INSERT INTO [Config].[ViewSetting] (ViewSettingID, SettingID, ViewID, ModelType, [Values], DefaultValues)
    VALUES (3, 5, 7, 'ViewTreeConfig', N'{"viewId":7,"maxDepth":4,"levels":[{"no":1,"name":"LevelX","codeLength":4,"isEnabled":true,"isUsed":false},{"no":2,"name":"LevelX","codeLength":4,"isEnabled":true,"isUsed":false},{"no":3,"name":"LevelX","codeLength":4,"isEnabled":true,"isUsed":false},{"no":4,"name":"LevelX","codeLength":4,"isEnabled":true,"isUsed":false},{"no":5,"name":"LevelX","codeLength":4,"isEnabled":false,"isUsed":false},{"no":6,"name":"LevelX","codeLength":4,"isEnabled":false,"isUsed":false},{"no":7,"name":"LevelX","codeLength":4,"isEnabled":false,"isUsed":false},{"no":8,"name":"LevelX","codeLength":4,"isEnabled":false,"isUsed":false},{"no":9,"name":"LevelX","codeLength":4,"isEnabled":false,"isUsed":false},{"no":10,"name":"LevelX","codeLength":4,"isEnabled":false,"isUsed":false},{"no":11,"name":"LevelX","codeLength":4,"isEnabled":false,"isUsed":false},{"no":12,"name":"LevelX","codeLength":4,"isEnabled":false,"isUsed":false},{"no":13,"name":"LevelX","codeLength":4,"isEnabled":false,"isUsed":false},{"no":14,"name":"LevelX","codeLength":4,"isEnabled":false,"isUsed":false},{"no":15,"name":"LevelX","codeLength":4,"isEnabled":false,"isUsed":false},{"no":16,"name":"LevelX","codeLength":4,"isEnabled":false,"isUsed":false}]}', N'{"viewId":7,"maxDepth":4,"levels":[{"no":1,"name":"LevelX","codeLength":4,"isEnabled":true,"isUsed":false},{"no":2,"name":"LevelX","codeLength":4,"isEnabled":true,"isUsed":false},{"no":3,"name":"LevelX","codeLength":4,"isEnabled":true,"isUsed":false},{"no":4,"name":"LevelX","codeLength":4,"isEnabled":true,"isUsed":false},{"no":5,"name":"LevelX","codeLength":4,"isEnabled":false,"isUsed":false},{"no":6,"name":"LevelX","codeLength":4,"isEnabled":false,"isUsed":false},{"no":7,"name":"LevelX","codeLength":4,"isEnabled":false,"isUsed":false},{"no":8,"name":"LevelX","codeLength":4,"isEnabled":false,"isUsed":false},{"no":9,"name":"LevelX","codeLength":4,"isEnabled":false,"isUsed":false},{"no":10,"name":"LevelX","codeLength":4,"isEnabled":false,"isUsed":false},{"no":11,"name":"LevelX","codeLength":4,"isEnabled":false,"isUsed":false},{"no":12,"name":"LevelX","codeLength":4,"isEnabled":false,"isUsed":false},{"no":13,"name":"LevelX","codeLength":4,"isEnabled":false,"isUsed":false},{"no":14,"name":"LevelX","codeLength":4,"isEnabled":false,"isUsed":false},{"no":15,"name":"LevelX","codeLength":4,"isEnabled":false,"isUsed":false},{"no":16,"name":"LevelX","codeLength":4,"isEnabled":false,"isUsed":false}]}')
INSERT INTO [Config].[ViewSetting] (ViewSettingID, SettingID, ViewID, ModelType, [Values], DefaultValues)
    VALUES (4, 5, 8, 'ViewTreeConfig', N'{"viewId":8,"maxDepth":4,"levels":[{"no":1,"name":"LevelX","codeLength":4,"isEnabled":true,"isUsed":false},{"no":2,"name":"LevelX","codeLength":4,"isEnabled":true,"isUsed":false},{"no":3,"name":"LevelX","codeLength":4,"isEnabled":true,"isUsed":false},{"no":4,"name":"LevelX","codeLength":4,"isEnabled":true,"isUsed":false},{"no":5,"name":"LevelX","codeLength":4,"isEnabled":false,"isUsed":false},{"no":6,"name":"LevelX","codeLength":4,"isEnabled":false,"isUsed":false},{"no":7,"name":"LevelX","codeLength":4,"isEnabled":false,"isUsed":false},{"no":8,"name":"LevelX","codeLength":4,"isEnabled":false,"isUsed":false},{"no":9,"name":"LevelX","codeLength":4,"isEnabled":false,"isUsed":false},{"no":10,"name":"LevelX","codeLength":4,"isEnabled":false,"isUsed":false},{"no":11,"name":"LevelX","codeLength":4,"isEnabled":false,"isUsed":false},{"no":12,"name":"LevelX","codeLength":4,"isEnabled":false,"isUsed":false},{"no":13,"name":"LevelX","codeLength":4,"isEnabled":false,"isUsed":false},{"no":14,"name":"LevelX","codeLength":4,"isEnabled":false,"isUsed":false},{"no":15,"name":"LevelX","codeLength":4,"isEnabled":false,"isUsed":false},{"no":16,"name":"LevelX","codeLength":4,"isEnabled":false,"isUsed":false}]}', N'{"viewId":8,"maxDepth":4,"levels":[{"no":1,"name":"LevelX","codeLength":4,"isEnabled":true,"isUsed":false},{"no":2,"name":"LevelX","codeLength":4,"isEnabled":true,"isUsed":false},{"no":3,"name":"LevelX","codeLength":4,"isEnabled":true,"isUsed":false},{"no":4,"name":"LevelX","codeLength":4,"isEnabled":true,"isUsed":false},{"no":5,"name":"LevelX","codeLength":4,"isEnabled":false,"isUsed":false},{"no":6,"name":"LevelX","codeLength":4,"isEnabled":false,"isUsed":false},{"no":7,"name":"LevelX","codeLength":4,"isEnabled":false,"isUsed":false},{"no":8,"name":"LevelX","codeLength":4,"isEnabled":false,"isUsed":false},{"no":9,"name":"LevelX","codeLength":4,"isEnabled":false,"isUsed":false},{"no":10,"name":"LevelX","codeLength":4,"isEnabled":false,"isUsed":false},{"no":11,"name":"LevelX","codeLength":4,"isEnabled":false,"isUsed":false},{"no":12,"name":"LevelX","codeLength":4,"isEnabled":false,"isUsed":false},{"no":13,"name":"LevelX","codeLength":4,"isEnabled":false,"isUsed":false},{"no":14,"name":"LevelX","codeLength":4,"isEnabled":false,"isUsed":false},{"no":15,"name":"LevelX","codeLength":4,"isEnabled":false,"isUsed":false},{"no":16,"name":"LevelX","codeLength":4,"isEnabled":false,"isUsed":false}]}')
SET IDENTITY_INSERT [Config].[ViewSetting] OFF


SET IDENTITY_INSERT [Metadata].[EntityType] ON
INSERT INTO [Metadata].[EntityType] ([EntityTypeID], [Name], [Description])
    VALUES (1, N'Account', NULL)
INSERT INTO [Metadata].[EntityType] ([EntityTypeID], [Name], [Description])
    VALUES (2, N'AccountCollectionAccount', NULL)
INSERT INTO [Metadata].[EntityType] ([EntityTypeID], [Name], [Description])
    VALUES (4, N'AccountGroup', NULL)
INSERT INTO [Metadata].[EntityType] ([EntityTypeID], [Name], [Description])
    VALUES (5, N'Branch', NULL)
INSERT INTO [Metadata].[EntityType] ([EntityTypeID], [Name], [Description])
    VALUES (6, N'CostCenter', NULL)
INSERT INTO [Metadata].[EntityType] ([EntityTypeID], [Name], [Description])
    VALUES (7, N'Currency', NULL)
INSERT INTO [Metadata].[EntityType] ([EntityTypeID], [Name], [Description])
    VALUES (9, N'DetailAccount', NULL)
INSERT INTO [Metadata].[EntityType] ([EntityTypeID], [Name], [Description])
    VALUES (10, N'FiscalPeriod', NULL)
INSERT INTO [Metadata].[EntityType] ([EntityTypeID], [Name], [Description])
    VALUES (11, N'OperationLog', NULL)
INSERT INTO [Metadata].[EntityType] ([EntityTypeID], [Name], [Description])
    VALUES (12, N'Project', NULL)
INSERT INTO [Metadata].[EntityType] ([EntityTypeID], [Name], [Description])
    VALUES (15, N'Setting', NULL)
INSERT INTO [Metadata].[EntityType] ([EntityTypeID], [Name], [Description])
    VALUES (17, N'Voucher', NULL)
INSERT INTO [Metadata].[EntityType] ([EntityTypeID], [Name], [Description])
    VALUES (18, N'DraftVoucher', NULL)
INSERT INTO [Metadata].[EntityType] ([EntityTypeID], [Name], [Description])
    VALUES (19, N'DashboardTab', NULL)
INSERT INTO [Metadata].[EntityType] ([EntityTypeID], [Name], [Description])
    VALUES (20, N'Widget', NULL)
INSERT INTO [Metadata].[EntityType] ([EntityTypeID], [Name], [Description])
    VALUES (21, N'CheckBook', NULL)
INSERT INTO [Metadata].[EntityType] ([EntityTypeID], [Name], [Description])
    VALUES (22, N'CashRegister', NULL)
SET IDENTITY_INSERT [Metadata].[EntityType] OFF

SET IDENTITY_INSERT [Metadata].[Operation] ON
INSERT INTO [Metadata].[Operation] ([OperationID],[Name]) VALUES (1, N'View')
INSERT INTO [Metadata].[Operation] ([OperationID],[Name]) VALUES (2, N'Create')
INSERT INTO [Metadata].[Operation] ([OperationID],[Name]) VALUES (3, N'Edit')
INSERT INTO [Metadata].[Operation] ([OperationID],[Name]) VALUES (4, N'Delete')
INSERT INTO [Metadata].[Operation] ([OperationID],[Name]) VALUES (5, N'Filter')
INSERT INTO [Metadata].[Operation] ([OperationID],[Name]) VALUES (6, N'Print')
INSERT INTO [Metadata].[Operation] ([OperationID],[Name]) VALUES (7, N'Save')
INSERT INTO [Metadata].[Operation] ([OperationID],[Name]) VALUES (8, N'Archive')
INSERT INTO [Metadata].[Operation] ([OperationID],[Name]) VALUES (9, N'SetDefault')
INSERT INTO [Metadata].[Operation] ([OperationID],[Name]) VALUES (10, N'Design')
INSERT INTO [Metadata].[Operation] ([OperationID],[Name]) VALUES (11, N'Check')
INSERT INTO [Metadata].[Operation] ([OperationID],[Name]) VALUES (12, N'UndoCheck')
INSERT INTO [Metadata].[Operation] ([OperationID],[Name]) VALUES (13, N'Confirm')
INSERT INTO [Metadata].[Operation] ([OperationID],[Name]) VALUES (14, N'UndoConfirm')
INSERT INTO [Metadata].[Operation] ([OperationID],[Name]) VALUES (15, N'Approve')
INSERT INTO [Metadata].[Operation] ([OperationID],[Name]) VALUES (16, N'UndoApprove')
INSERT INTO [Metadata].[Operation] ([OperationID],[Name]) VALUES (17, N'Finalize')
INSERT INTO [Metadata].[Operation] ([OperationID],[Name]) VALUES (18, N'UndoFinalize')
INSERT INTO [Metadata].[Operation] ([OperationID],[Name]) VALUES (19, N'Mark')
INSERT INTO [Metadata].[Operation] ([OperationID],[Name]) VALUES (20, N'QuickReportDesign')
INSERT INTO [Metadata].[Operation] ([OperationID],[Name]) VALUES (21, N'GroupDelete')
INSERT INTO [Metadata].[Operation] ([OperationID],[Name]) VALUES (30, N'ViewArchive')
INSERT INTO [Metadata].[Operation] ([OperationID],[Name]) VALUES (31, N'CalendarChange')
INSERT INTO [Metadata].[Operation] ([OperationID],[Name]) VALUES (32, N'CurrencyChange')
INSERT INTO [Metadata].[Operation] ([OperationID],[Name]) VALUES (33, N'DecimalCountChange')
INSERT INTO [Metadata].[Operation] ([OperationID],[Name]) VALUES (34, N'DefaultCodingChange')
INSERT INTO [Metadata].[Operation] ([OperationID],[Name]) VALUES (35, N'RoleAccess')
INSERT INTO [Metadata].[Operation] ([OperationID],[Name]) VALUES (36, N'CreateLine')
INSERT INTO [Metadata].[Operation] ([OperationID],[Name]) VALUES (37, N'EditLine')
INSERT INTO [Metadata].[Operation] ([OperationID],[Name]) VALUES (38, N'DeleteLine')
INSERT INTO [Metadata].[Operation] ([OperationID],[Name]) VALUES (39, N'GroupDeleteLines')
INSERT INTO [Metadata].[Operation] ([OperationID],[Name]) VALUES (40, N'CreateRate')
INSERT INTO [Metadata].[Operation] ([OperationID],[Name]) VALUES (41, N'EditRate')
INSERT INTO [Metadata].[Operation] ([OperationID],[Name]) VALUES (42, N'DeleteRate')
INSERT INTO [Metadata].[Operation] ([OperationID],[Name]) VALUES (43, N'PrintRates')
INSERT INTO [Metadata].[Operation] ([OperationID],[Name]) VALUES (44, N'GroupDeleteRates')
INSERT INTO [Metadata].[Operation] ([OperationID],[Name]) VALUES (45, N'ViewRates')
INSERT INTO [Metadata].[Operation] ([OperationID],[Name]) VALUES (46, N'GroupCheck')
INSERT INTO [Metadata].[Operation] ([OperationID],[Name]) VALUES (47, N'GroupUndoCheck')
INSERT INTO [Metadata].[Operation] ([OperationID],[Name]) VALUES (48, N'GroupFinalize')
INSERT INTO [Metadata].[Operation] ([OperationID],[Name]) VALUES (49, N'GroupUndoFinalize')
INSERT INTO [Metadata].[Operation] ([OperationID],[Name]) VALUES (50, N'GroupConfirm')
INSERT INTO [Metadata].[Operation] ([OperationID],[Name]) VALUES (51, N'GroupUndoConfirm')
INSERT INTO [Metadata].[Operation] ([OperationID],[Name]) VALUES (52, N'Normalize')
INSERT INTO [Metadata].[Operation] ([OperationID],[Name]) VALUES (53, N'GroupNormalize')
INSERT INTO [Metadata].[Operation] ([OperationID],[Name]) VALUES (54, N'Export')
INSERT INTO [Metadata].[Operation] ([OperationID],[Name]) VALUES (55, N'ExportRates')
INSERT INTO [Metadata].[Operation] ([OperationID],[Name]) VALUES (56, N'FilterRates')
INSERT INTO [Metadata].[Operation] ([OperationID], [Name]) VALUES (58, N'PrintPreview')
INSERT INTO [Metadata].[Operation] ([OperationID], [Name]) VALUES (60, N'CreatePages')
INSERT INTO [Metadata].[Operation] ([OperationID], [Name]) VALUES (61, N'DeletePages')
INSERT INTO [Metadata].[Operation] ([OperationID], [Name]) VALUES (62, N'CancelPage')
INSERT INTO [Metadata].[Operation] ([OperationID], [Name]) VALUES (63, N'UndoCancelPage')
INSERT INTO [Metadata].[Operation] ([OperationID], [Name]) VALUES (64, N'ConnectToCheck')
INSERT INTO [Metadata].[Operation] ([OperationID], [Name]) VALUES (65, N'DisconnectFromCheck')
INSERT INTO [Metadata].[Operation] ([OperationID], [Name]) VALUES (66, N'AssignCashRegisterUser')
SET IDENTITY_INSERT [Metadata].[Operation] OFF

SET IDENTITY_INSERT [Metadata].[OperationSource] ON
INSERT INTO [Metadata].[OperationSource] ([OperationSourceID], [Name], [Description])
    VALUES (1, N'Journal', NULL)
INSERT INTO [Metadata].[OperationSource] ([OperationSourceID], [Name], [Description])
    VALUES (2, N'AccountBook', NULL)
INSERT INTO [Metadata].[OperationSource] ([OperationSourceID], [Name], [Description])
    VALUES (3, N'CurrencyBook', NULL)
INSERT INTO [Metadata].[OperationSource] ([OperationSourceID], [Name], [Description])
    VALUES (4, N'TestBalance', NULL)
INSERT INTO [Metadata].[OperationSource] ([OperationSourceID], [Name], [Description])
    VALUES (5, N'ItemBalance', NULL)
INSERT INTO [Metadata].[OperationSource] ([OperationSourceID], [Name], [Description])
    VALUES (6, N'BalanceByAccount', NULL)
INSERT INTO [Metadata].[OperationSource] ([OperationSourceID], [Name], [Description])
    VALUES (9, N'EnvironmentParams', NULL)
INSERT INTO [Metadata].[OperationSource] ([OperationSourceID], [Name], [Description])
    VALUES (10, N'ProfitLoss', NULL)
INSERT INTO [Metadata].[OperationSource] ([OperationSourceID], [Name], [Description])
    VALUES (11, N'AccountRelations', NULL)
INSERT INTO [Metadata].[OperationSource] ([OperationSourceID], [Name], [Description])
    VALUES (12, N'BalanceSheet', NULL)
INSERT INTO [Metadata].[OperationSource] ([OperationSourceID], [Name], [Description])
    VALUES (13, N'SystemIssue', NULL)
SET IDENTITY_INSERT [Metadata].[OperationSource] OFF

SET IDENTITY_INSERT [Metadata].[OperationSourceList] ON
INSERT INTO [Metadata].[OperationSourceList] ([OperationSourceListID],[Name]) VALUES (1, N'JournalByDateByRow')
INSERT INTO [Metadata].[OperationSourceList] ([OperationSourceListID],[Name]) VALUES (2, N'JournalByDateByRowDetail')
INSERT INTO [Metadata].[OperationSourceList] ([OperationSourceListID],[Name]) VALUES (3, N'JournalByDateByLedger')
INSERT INTO [Metadata].[OperationSourceList] ([OperationSourceListID],[Name]) VALUES (4, N'JournalByDateBySubsidiary')
INSERT INTO [Metadata].[OperationSourceList] ([OperationSourceListID],[Name]) VALUES (5, N'JournalByDateSummary')
INSERT INTO [Metadata].[OperationSourceList] ([OperationSourceListID],[Name]) VALUES (6, N'JournalByDateSummaryByDate')
INSERT INTO [Metadata].[OperationSourceList] ([OperationSourceListID],[Name]) VALUES (7, N'JournalByDateSummaryByMonth')
INSERT INTO [Metadata].[OperationSourceList] ([OperationSourceListID],[Name]) VALUES (8, N'JournalByNoByRow')
INSERT INTO [Metadata].[OperationSourceList] ([OperationSourceListID],[Name]) VALUES (9, N'JournalByNoByRowDetail')
INSERT INTO [Metadata].[OperationSourceList] ([OperationSourceListID],[Name]) VALUES (10, N'JournalByNoByLedger')
INSERT INTO [Metadata].[OperationSourceList] ([OperationSourceListID],[Name]) VALUES (11, N'JournalByNoBySubsidiary')
INSERT INTO [Metadata].[OperationSourceList] ([OperationSourceListID],[Name]) VALUES (12, N'JournalByNoSummary')
INSERT INTO [Metadata].[OperationSourceList] ([OperationSourceListID],[Name]) VALUES (13, N'AccountBookByRow')
INSERT INTO [Metadata].[OperationSourceList] ([OperationSourceListID],[Name]) VALUES (14, N'AccountBookVoucherSum')
INSERT INTO [Metadata].[OperationSourceList] ([OperationSourceListID],[Name]) VALUES (15, N'AccountBookDailySum')
INSERT INTO [Metadata].[OperationSourceList] ([OperationSourceListID],[Name]) VALUES (16, N'AccountBookMonthlySum')
INSERT INTO [Metadata].[OperationSourceList] ([OperationSourceListID],[Name]) VALUES (17, N'CurrencyBookByRow')
INSERT INTO [Metadata].[OperationSourceList] ([OperationSourceListID],[Name]) VALUES (18, N'CurrencyBookVoucherSum')
INSERT INTO [Metadata].[OperationSourceList] ([OperationSourceListID],[Name]) VALUES (19, N'CurrencyBookDailySum')
INSERT INTO [Metadata].[OperationSourceList] ([OperationSourceListID],[Name]) VALUES (20, N'CurrencyBookMonthlySum')
INSERT INTO [Metadata].[OperationSourceList] ([OperationSourceListID],[Name]) VALUES (21, N'CurrencyBookAllCurrencies')
INSERT INTO [Metadata].[OperationSourceList] ([OperationSourceListID],[Name]) VALUES (22, N'TestBalance2Column')
INSERT INTO [Metadata].[OperationSourceList] ([OperationSourceListID],[Name]) VALUES (23, N'TestBalance4Column')
INSERT INTO [Metadata].[OperationSourceList] ([OperationSourceListID],[Name]) VALUES (24, N'TestBalance6Column')
INSERT INTO [Metadata].[OperationSourceList] ([OperationSourceListID],[Name]) VALUES (25, N'TestBalance8Column')
INSERT INTO [Metadata].[OperationSourceList] ([OperationSourceListID],[Name]) VALUES (26, N'TestBalance10Column')
INSERT INTO [Metadata].[OperationSourceList] ([OperationSourceListID],[Name]) VALUES (27, N'DetailAccountBalance2Column')
INSERT INTO [Metadata].[OperationSourceList] ([OperationSourceListID],[Name]) VALUES (28, N'DetailAccountBalance4Column')
INSERT INTO [Metadata].[OperationSourceList] ([OperationSourceListID],[Name]) VALUES (29, N'DetailAccountBalance6Column')
INSERT INTO [Metadata].[OperationSourceList] ([OperationSourceListID],[Name]) VALUES (30, N'DetailAccountBalance8Column')
INSERT INTO [Metadata].[OperationSourceList] ([OperationSourceListID],[Name]) VALUES (31, N'DetailAccountBalance10Column')
INSERT INTO [Metadata].[OperationSourceList] ([OperationSourceListID],[Name]) VALUES (32, N'CostCenterBalance2Column')
INSERT INTO [Metadata].[OperationSourceList] ([OperationSourceListID],[Name]) VALUES (33, N'CostCenterBalance4Column')
INSERT INTO [Metadata].[OperationSourceList] ([OperationSourceListID],[Name]) VALUES (34, N'CostCenterBalance6Column')
INSERT INTO [Metadata].[OperationSourceList] ([OperationSourceListID],[Name]) VALUES (35, N'CostCenterBalance8Column')
INSERT INTO [Metadata].[OperationSourceList] ([OperationSourceListID],[Name]) VALUES (36, N'CostCenterBalance10Column')
INSERT INTO [Metadata].[OperationSourceList] ([OperationSourceListID],[Name]) VALUES (37, N'ProjectBalance2Column')
INSERT INTO [Metadata].[OperationSourceList] ([OperationSourceListID],[Name]) VALUES (38, N'ProjectBalance4Column')
INSERT INTO [Metadata].[OperationSourceList] ([OperationSourceListID],[Name]) VALUES (39, N'ProjectBalance6Column')
INSERT INTO [Metadata].[OperationSourceList] ([OperationSourceListID],[Name]) VALUES (40, N'ProjectBalance8Column')
INSERT INTO [Metadata].[OperationSourceList] ([OperationSourceListID],[Name]) VALUES (41, N'ProjectBalance10Column')
INSERT INTO [Metadata].[OperationSourceList] ([OperationSourceListID],[Name]) VALUES (42, N'BalanceByOneAccount')
INSERT INTO [Metadata].[OperationSourceList] ([OperationSourceListID],[Name]) VALUES (43, N'BalanceByAllAccounts')
INSERT INTO [Metadata].[OperationSourceList] ([OperationSourceListID],[Name]) VALUES (44, N'BalanceByOneDetailAccount')
INSERT INTO [Metadata].[OperationSourceList] ([OperationSourceListID],[Name]) VALUES (45, N'BalanceByAllDetailAccounts')
INSERT INTO [Metadata].[OperationSourceList] ([OperationSourceListID],[Name]) VALUES (46, N'BalanceByOneCostCenter')
INSERT INTO [Metadata].[OperationSourceList] ([OperationSourceListID],[Name]) VALUES (47, N'BalanceByAllCostCenters')
INSERT INTO [Metadata].[OperationSourceList] ([OperationSourceListID],[Name]) VALUES (48, N'BalanceByOneProject')
INSERT INTO [Metadata].[OperationSourceList] ([OperationSourceListID],[Name]) VALUES (49, N'BalanceByAllProjects')
INSERT INTO [Metadata].[OperationSourceList] ([OperationSourceListID],[Name]) VALUES (50, N'ProfitLoss')
INSERT INTO [Metadata].[OperationSourceList] ([OperationSourceListID],[Name]) VALUES (51, N'ProfitLossByCostCenter')
INSERT INTO [Metadata].[OperationSourceList] ([OperationSourceListID],[Name]) VALUES (52, N'ProfitLossByProject')
INSERT INTO [Metadata].[OperationSourceList] ([OperationSourceListID],[Name]) VALUES (53, N'ProfitLossByBranch')
INSERT INTO [Metadata].[OperationSourceList] ([OperationSourceListID],[Name]) VALUES (54, N'ProfitLossByFiscalPeriod')
INSERT INTO [Metadata].[OperationSourceList] ([OperationSourceListID],[Name]) VALUES (55, N'BalanceSheet')
INSERT INTO [Metadata].[OperationSourceList] ([OperationSourceListID],[Name]) VALUES (56, N'UnbalancedVouchers')
INSERT INTO [Metadata].[OperationSourceList] ([OperationSourceListID],[Name]) VALUES (57, N'VouchersWithNoArticle')
INSERT INTO [Metadata].[OperationSourceList] ([OperationSourceListID],[Name]) VALUES (58, N'ArticlesHavingZeroAmount')
INSERT INTO [Metadata].[OperationSourceList] ([OperationSourceListID],[Name]) VALUES (59, N'ArticlesWithMissingAccount')
INSERT INTO [Metadata].[OperationSourceList] ([OperationSourceListID],[Name]) VALUES (60, N'ArticlesWithInvalidAccountItems')
INSERT INTO [Metadata].[OperationSourceList] ([OperationSourceListID],[Name]) VALUES (61, N'MissingVoucherNumbers')
INSERT INTO [Metadata].[OperationSourceList] ([OperationSourceListID],[Name]) VALUES (62, N'AccountsWithInvalidBalance')
INSERT INTO [Metadata].[OperationSourceList] ([OperationSourceListID],[Name]) VALUES (63, N'AccountsWithInvalidPeriodTurnover')
SET IDENTITY_INSERT [Metadata].[OperationSourceList] OFF

SET IDENTITY_INSERT [Metadata].[Subsystem] ON
INSERT INTO [Metadata].[Subsystem] ([SubsystemID], [Name]) VALUES (2, N'Accounting')
INSERT INTO [Metadata].[Subsystem] ([SubsystemID], [Name]) VALUES (3, N'Treasury')
SET IDENTITY_INSERT [Metadata].[Subsystem] OFF

SET IDENTITY_INSERT [Metadata].[OperationSourceType] ON
INSERT INTO [Metadata].[OperationSourceType] ([OperationSourceTypeID], [Name]) VALUES (1, N'BaseData')
INSERT INTO [Metadata].[OperationSourceType] ([OperationSourceTypeID], [Name]) VALUES (2, N'OperationalForms')
INSERT INTO [Metadata].[OperationSourceType] ([OperationSourceTypeID], [Name]) VALUES (3, N'Reports')
SET IDENTITY_INSERT [Metadata].[OperationSourceType] OFF

SET IDENTITY_INSERT [Metadata].[CustomForm] ON
INSERT INTO [Metadata].[CustomForm] ([CustomFormID], [Name]) VALUES (1, 'ProfitLoss')
SET IDENTITY_INSERT [Metadata].[CustomForm] OFF

SET IDENTITY_INSERT [Config].[LabelSetting] ON
INSERT INTO [Config].[LabelSetting] ([LabelSettingID], [SettingID], [CustomFormID], [LocaleID], [ModelType], [Values], [DefaultValues])
    VALUES (1, 10, 1, 1, 'FormLabelConfig', N'{"formId": 1, "localeId": 1, "labelMap": {"GrossProfitCalculation": "Gross profit calculation", "NetRevenue": "Net revenue", "GrossProfit": "Gross profit", "SoldProductCost": "Sold product cost", "OperationalCost": "Operational cost", "OperationalCostTotal": "Operational cost total", "OperationalProfit": "Operational profit", "OtherCostAndRevenue": "Other cost and revenue", "OtherCostAndRevenueNet": "Other cost and revenue net", "ProfitBeforeTax": "Profit before tax", "Tax": "Tax", "NetProfit": "Net profit" }}', N'{"formId": 1, "localeId": 1, "labelMap": {"GrossProfitCalculation": "Gross profit calculation", "NetRevenue": "Net revenue", "GrossProfit": "Gross profit", "SoldProductCost": "Sold product cost", "OperationalCost": "Operational cost", "OperationalCostTotal": "Operational cost total", "OperationalProfit": "Operational profit", "OtherCostAndRevenue": "Other cost and revenue", "OtherCostAndRevenueNet": "Other cost and revenue net", "ProfitBeforeTax": "Profit before tax", "Tax": "Tax", "NetProfit": "Net profit" }}')
INSERT INTO [Config].[LabelSetting] ([LabelSettingID], [SettingID], [CustomFormID], [LocaleID], [ModelType], [Values], [DefaultValues])
    VALUES (2, 10, 1, 2, 'FormLabelConfig', N'{"formId": 1, "localeId": 2, "labelMap": {"GrossProfitCalculation": "  ", "NetRevenue": " ", "GrossProfit": " ", "SoldProductCost": "     ", "OperationalCost": "  ", "OperationalCostTotal": "   ", "OperationalProfit": " ", "OtherCostAndRevenue": "    ", "OtherCostAndRevenueNet": "     ", "ProfitBeforeTax": "    ", "Tax": "", "NetProfit": " " }}', N'{"formId": 1, "localeId": 2, "labelMap": {"GrossProfitCalculation": "  ", "NetRevenue": " ", "GrossProfit": " ", "SoldProductCost": "     ", "OperationalCost": "  ", "OperationalCostTotal": "   ", "OperationalProfit": " ", "OtherCostAndRevenue": "    ", "OtherCostAndRevenueNet": "     ", "ProfitBeforeTax": "    ", "Tax": "", "NetProfit": " " }}')
SET IDENTITY_INSERT [Config].[LabelSetting] OFF

SET IDENTITY_INSERT [Finance].[VoucherOrigin] ON
INSERT INTO [Finance].[VoucherOrigin] ([OriginID], [Name]) VALUES (1, N'NormalVoucher')
INSERT INTO [Finance].[VoucherOrigin] ([OriginID], [Name]) VALUES (2, N'OpeningVoucher')
INSERT INTO [Finance].[VoucherOrigin] ([OriginID], [Name]) VALUES (3, N'ClosingTempAccounts')
INSERT INTO [Finance].[VoucherOrigin] ([OriginID], [Name]) VALUES (4, N'ClosingVoucher')
SET IDENTITY_INSERT [Finance].[VoucherOrigin] OFF


-- Insert suggested account groups...
SET IDENTITY_INSERT [Finance].[AccountGroup] ON
INSERT INTO [Finance].[AccountGroup] (GroupID, Name, InventoryMode, Category, Description) VALUES (1, N' ', 0, N'CategoryAsset', NULL)
INSERT INTO [Finance].[AccountGroup] (GroupID, Name, InventoryMode, Category, Description) VALUES (2, N' ', 0, N'CategoryAsset', NULL)
INSERT INTO [Finance].[AccountGroup] (GroupID, Name, InventoryMode, Category, Description) VALUES (3, N' ', 0, N'CategoryLiability', NULL)
INSERT INTO [Finance].[AccountGroup] (GroupID, Name, InventoryMode, Category, Description) VALUES (4, N' ', 0, N'CategoryLiability', NULL)
INSERT INTO [Finance].[AccountGroup] (GroupID, Name, InventoryMode, Category, Description) VALUES (5, N'  ', 0, N'CategoryCapital', NULL)
INSERT INTO [Finance].[AccountGroup] (GroupID, Name, InventoryMode, Category, Description) VALUES (6, N'', 0, N'CategorySales', NULL)
INSERT INTO [Finance].[AccountGroup] (GroupID, Name, InventoryMode, Category, Description) VALUES (7, N' ', 0, N'CategoryIncome', NULL)
INSERT INTO [Finance].[AccountGroup] (GroupID, Name, InventoryMode, Category, Description) VALUES (8, N'     ', 1, N'CategoryExpense', NULL)
INSERT INTO [Finance].[AccountGroup] (GroupID, Name, InventoryMode, Category, Description) VALUES (9, N'', -1, N'CategoryPurchase', NULL)
INSERT INTO [Finance].[AccountGroup] (GroupID, Name, InventoryMode, Category, Description) VALUES (10, N'  ', 0, N'CategoryExpense', NULL)
INSERT INTO [Finance].[AccountGroup] (GroupID, Name, InventoryMode, Category, Description) VALUES (11, N'  ', 0, N'CategoryExpense', NULL)
INSERT INTO [Finance].[AccountGroup] (GroupID, Name, InventoryMode, Category, Description) VALUES (12, N'', 0, N'CategoryAssociation', NULL)
INSERT INTO [Finance].[AccountGroup] (GroupID, Name, InventoryMode, Category, Description) VALUES (13, N' ', 0, N'CategoryCoordination', NULL)
SET IDENTITY_INSERT [Finance].[AccountGroup] OFF

SET IDENTITY_INSERT [Finance].[AccountCollectionCategory] ON 
GO
INSERT [Finance].[AccountCollectionCategory] ([CategoryID], [Name], [rowguid], [ModifiedDate]) VALUES (1, N' ', N'49e54def-d6b9-4cd3-a065-8feef13026d9', CAST(N'2019-01-15T12:26:01.053' AS DateTime))
GO
INSERT [Finance].[AccountCollectionCategory] ([CategoryID], [Name], [rowguid], [ModifiedDate]) VALUES (2, N'  ', N'21ed1889-c1a5-46dc-b352-60b577f42154', CAST(N'2019-01-15T12:26:13.500' AS DateTime))
GO
INSERT [Finance].[AccountCollectionCategory] ([CategoryID], [Name], [rowguid], [ModifiedDate]) VALUES (3, N'   ', N'53757fa5-5e85-495d-ac53-a8f5a4869f6b', CAST(N'2019-01-15T12:26:26.410' AS DateTime))
GO
INSERT [Finance].[AccountCollectionCategory] ([CategoryID], [Name], [rowguid], [ModifiedDate]) VALUES (4, N'  ', N'2e9ec944-c56b-4350-8489-0e2c24a1757d', CAST(N'2019-01-15T12:26:37.690' AS DateTime))
GO
INSERT [Finance].[AccountCollectionCategory] ([CategoryID], [Name], [rowguid], [ModifiedDate]) VALUES (5, N'   ', N'247284c1-6d8c-4e9c-9fd2-8dc7aeb0d290', CAST(N'2019-01-15T12:26:52.327' AS DateTime))
GO
INSERT [Finance].[AccountCollectionCategory] ([CategoryID], [Name], [rowguid], [ModifiedDate]) VALUES (6, N'', N'8c22dd59-094b-4ca8-b49f-094c8e157b50', CAST(N'2019-01-15T12:27:05.800' AS DateTime))
GO
INSERT [Finance].[AccountCollectionCategory] ([CategoryID], [Name], [rowguid], [ModifiedDate]) VALUES (7, N'', N'be57a7ce-a837-4b84-9cfa-e6e2b6f638f9', CAST(N'2019-01-15T12:27:19.193' AS DateTime))
GO
SET IDENTITY_INSERT [Finance].[AccountCollectionCategory] OFF
GO

SET IDENTITY_INSERT [Finance].[AccountCollection] ON 
GO
INSERT [Finance].[AccountCollection] ([CollectionID], [CategoryID], [Name], [MultiSelect], [TypeLevel], [InventoryMode], [rowguid], [ModifiedDate]) VALUES (1, 1, N'   ', 1, 0, 2, N'afc7ae6a-4520-4263-a5a6-b32e0829118b', CAST(N'2019-01-15T12:32:19.127' AS DateTime))
GO
INSERT [Finance].[AccountCollection] ([CollectionID], [CategoryID], [Name], [MultiSelect], [TypeLevel], [InventoryMode], [rowguid], [ModifiedDate]) VALUES (2, 1, N'  ', 1, 0, 2, N'7c34827f-3f03-4be0-8d30-ec4ebb1cc6fe', CAST(N'2019-01-15T12:32:37.267' AS DateTime))
GO
INSERT [Finance].[AccountCollection] ([CollectionID], [CategoryID], [Name], [MultiSelect], [TypeLevel], [InventoryMode], [rowguid], [ModifiedDate]) VALUES (3, 1, N'  ', 1, 0, 2, N'3557c04b-fde4-40a7-b8f3-004f4b75cac0', CAST(N'2019-01-15T12:33:01.480' AS DateTime))
GO
INSERT [Finance].[AccountCollection] ([CollectionID], [CategoryID], [Name], [MultiSelect], [TypeLevel], [InventoryMode], [rowguid], [ModifiedDate]) VALUES (4, 1, N' ', 1, 0, 2, N'0f4021af-2e5c-4ce0-8757-26ee3dd64df4', CAST(N'2019-01-15T12:33:33.307' AS DateTime))
GO
INSERT [Finance].[AccountCollection] ([CollectionID], [CategoryID], [Name], [MultiSelect], [TypeLevel], [InventoryMode], [rowguid], [ModifiedDate]) VALUES (5, 1, N'   ', 1, 0, 2, N'1755af0b-37c9-4758-a451-68f84af5439a', CAST(N'2019-01-15T12:33:49.270' AS DateTime))
GO
INSERT [Finance].[AccountCollection] ([CollectionID], [CategoryID], [Name], [MultiSelect], [TypeLevel], [InventoryMode], [rowguid], [ModifiedDate]) VALUES (6, 1, N' ', 1, 0, 2, N'1cb5f6d6-3caf-4f67-a091-c63c0b15bbeb', CAST(N'2019-01-15T12:34:08.290' AS DateTime))
GO
INSERT [Finance].[AccountCollection] ([CollectionID], [CategoryID], [Name], [MultiSelect], [TypeLevel], [InventoryMode], [rowguid], [ModifiedDate]) VALUES (9, 2, N'', 1, 0, 2, N'f1210802-59a7-4d86-803b-e90e45d373f9', CAST(N'2019-01-15T12:36:50.283' AS DateTime))
GO
INSERT [Finance].[AccountCollection] ([CollectionID], [CategoryID], [Name], [MultiSelect], [TypeLevel], [InventoryMode], [rowguid], [ModifiedDate]) VALUES (10, 2, N'      ', 1, 0, 2, N'be473c3e-273c-498d-9f27-fbf9c2b70f3c', CAST(N'2019-01-15T12:37:47.480' AS DateTime))
GO
INSERT [Finance].[AccountCollection] ([CollectionID], [CategoryID], [Name], [MultiSelect], [TypeLevel], [InventoryMode], [rowguid], [ModifiedDate]) VALUES (11, 2, N'     ', 1, 0, 1, N'8af11bc5-21fb-4af6-bf18-0517fa8c5d40', CAST(N'2019-01-15T12:38:36.130' AS DateTime))
GO
INSERT [Finance].[AccountCollection] ([CollectionID], [CategoryID], [Name], [MultiSelect], [TypeLevel], [InventoryMode], [rowguid], [ModifiedDate]) VALUES (12, 2, N'', 1, 0, 0, N'da24deea-1c98-4ad9-9363-13327e32eaec', CAST(N'2019-01-15T12:39:19.490' AS DateTime))
GO
INSERT [Finance].[AccountCollection] ([CollectionID], [CategoryID], [Name], [MultiSelect], [TypeLevel], [InventoryMode], [rowguid], [ModifiedDate]) VALUES (13, 2, N'     ', 1, 0, 0, N'e1b78a0b-e200-415a-818a-fce1048c5735', CAST(N'2019-01-15T12:40:04.470' AS DateTime))
GO
INSERT [Finance].[AccountCollection] ([CollectionID], [CategoryID], [Name], [MultiSelect], [TypeLevel], [InventoryMode], [rowguid], [ModifiedDate]) VALUES (14, 2, N'  ', 1, 0, 2, N'4bc26140-7c45-4e2a-96d5-5ccf6266f713', CAST(N'2019-01-15T12:40:41.230' AS DateTime))
GO
INSERT [Finance].[AccountCollection] ([CollectionID], [CategoryID], [Name], [MultiSelect], [TypeLevel], [InventoryMode], [rowguid], [ModifiedDate]) VALUES (15, 2, N'     ', 1, 0, 2, N'94299081-734d-4f47-a99c-ec7b9ae8580c', CAST(N'2019-01-15T12:41:03.997' AS DateTime))
GO
INSERT [Finance].[AccountCollection] ([CollectionID], [CategoryID], [Name], [MultiSelect], [TypeLevel], [InventoryMode], [rowguid], [ModifiedDate]) VALUES (16, 3, N' ', 1, 0, 2, N'df0b3009-6075-451f-a235-c26ffae7f06c', CAST(N'2019-01-15T12:45:09.350' AS DateTime))
GO
INSERT [Finance].[AccountCollection] ([CollectionID], [CategoryID], [Name], [MultiSelect], [TypeLevel], [InventoryMode], [rowguid], [ModifiedDate]) VALUES (17, 3, N' ', 1, 0, 2, N'6ed87a7a-848a-4855-8862-4b8e7b7d3f97', CAST(N'2019-01-15T12:45:23.713' AS DateTime))
GO
INSERT [Finance].[AccountCollection] ([CollectionID], [CategoryID], [Name], [MultiSelect], [TypeLevel], [InventoryMode], [rowguid], [ModifiedDate]) VALUES (18, 3, N'  ', 1, 0, 2, N'ad3c0eb5-3cf0-4369-af43-2b3fa514a850', CAST(N'2019-01-15T12:45:40.737' AS DateTime))
GO
INSERT [Finance].[AccountCollection] ([CollectionID], [CategoryID], [Name], [MultiSelect], [TypeLevel], [InventoryMode], [rowguid], [ModifiedDate]) VALUES (19, 3, N' ', 1, 0, 2, N'c7ed884b-e4e5-40ce-86ed-a5c4d8b35323', CAST(N'2019-01-15T12:46:11.560' AS DateTime))
GO
INSERT [Finance].[AccountCollection] ([CollectionID], [CategoryID], [Name], [MultiSelect], [TypeLevel], [InventoryMode], [rowguid], [ModifiedDate]) VALUES (20, 3, N'   ', 1, 0, 2, N'2b287b0b-1211-44d7-8176-57d2ad21b3e5', CAST(N'2019-01-15T12:46:37.440' AS DateTime))
GO
INSERT [Finance].[AccountCollection] ([CollectionID], [CategoryID], [Name], [MultiSelect], [TypeLevel], [InventoryMode], [rowguid], [ModifiedDate]) VALUES (21, 3, N'   ', 1, 0, 2, N'e859c4d9-a385-415a-91e5-48b0efd9b966', CAST(N'2019-01-15T12:46:54.073' AS DateTime))
GO
INSERT [Finance].[AccountCollection] ([CollectionID], [CategoryID], [Name], [MultiSelect], [TypeLevel], [InventoryMode], [rowguid], [ModifiedDate]) VALUES (22, 3, N'   ', 1, 0, 2, N'fcfc7d6b-eda1-4aef-b0ce-ae6b38102dac', CAST(N'2019-01-15T12:47:06.490' AS DateTime))
GO
INSERT [Finance].[AccountCollection] ([CollectionID], [CategoryID], [Name], [MultiSelect], [TypeLevel], [InventoryMode], [rowguid], [ModifiedDate]) VALUES (23, 3, N'  ', 1, 0, 2, N'ebc53de1-f7a2-47b6-8e12-c597d757c4f0', CAST(N'2019-01-15T12:47:22.033' AS DateTime))
GO
INSERT [Finance].[AccountCollection] ([CollectionID], [CategoryID], [Name], [MultiSelect], [TypeLevel], [InventoryMode], [rowguid], [ModifiedDate]) VALUES (24, 3, N'   ', 1, 0, 2, N'94bc42d6-d86c-432a-9657-4e7e98666eda', CAST(N'2019-01-15T12:47:54.697' AS DateTime))
GO
INSERT [Finance].[AccountCollection] ([CollectionID], [CategoryID], [Name], [MultiSelect], [TypeLevel], [InventoryMode], [rowguid], [ModifiedDate]) VALUES (25, 4, N' ', 1, 0, 2, N'8c4e7347-736f-44f3-b7f8-20dffb73ade2', CAST(N'2019-01-15T12:48:23.877' AS DateTime))
GO
INSERT [Finance].[AccountCollection] ([CollectionID], [CategoryID], [Name], [MultiSelect], [TypeLevel], [InventoryMode], [rowguid], [ModifiedDate]) VALUES (26, 4, N'   ', 1, 0, 2, N'99906d33-c220-4b91-9f3b-f9dee4da979d', CAST(N'2019-01-15T12:48:36.030' AS DateTime))
GO
INSERT [Finance].[AccountCollection] ([CollectionID], [CategoryID], [Name], [MultiSelect], [TypeLevel], [InventoryMode], [rowguid], [ModifiedDate]) VALUES (27, 4, N' ', 1, 0, 0, N'40805c86-0018-4976-a0d2-0e2dcc820c62', CAST(N'2019-01-15T12:48:50.010' AS DateTime))
GO
INSERT [Finance].[AccountCollection] ([CollectionID], [CategoryID], [Name], [MultiSelect], [TypeLevel], [InventoryMode], [rowguid], [ModifiedDate]) VALUES (28, 4, N'   ', 1, 0, 0, N'b7d8b020-058b-4487-9a18-2781eb62f75f', CAST(N'2019-01-15T12:49:02.973' AS DateTime))
GO
INSERT [Finance].[AccountCollection] ([CollectionID], [CategoryID], [Name], [MultiSelect], [TypeLevel], [InventoryMode], [rowguid], [ModifiedDate]) VALUES (29, 4, N'   ', 1, 0, 2, N'88f8c1ce-d96f-49f2-8702-70402c6fcc29', CAST(N'2019-01-15T12:49:16.573' AS DateTime))
GO
INSERT [Finance].[AccountCollection] ([CollectionID], [CategoryID], [Name], [MultiSelect], [TypeLevel], [InventoryMode], [rowguid], [ModifiedDate]) VALUES (30, 4, N'  ', 1, 0, 2, N'c9b09d2f-25d9-4192-aa55-5cc6f492348f', CAST(N'2019-01-15T12:49:33.737' AS DateTime))
GO
INSERT [Finance].[AccountCollection] ([CollectionID], [CategoryID], [Name], [MultiSelect], [TypeLevel], [InventoryMode], [rowguid], [ModifiedDate]) VALUES (31, 4, N'  ', 1, 2, 2, N'b85de96f-f48d-4208-bcd0-78e8bd9d2c44', CAST(N'2019-01-15T12:50:00.620' AS DateTime))
GO
INSERT [Finance].[AccountCollection] ([CollectionID], [CategoryID], [Name], [MultiSelect], [TypeLevel], [InventoryMode], [rowguid], [ModifiedDate]) VALUES (32, 4, N'  ', 1, 2, 2, N'56d36c06-fe0c-4a88-84b6-09c4cee7c646', CAST(N'2019-01-15T12:50:32.900' AS DateTime))
GO
INSERT [Finance].[AccountCollection] ([CollectionID], [CategoryID], [Name], [MultiSelect], [TypeLevel], [InventoryMode], [rowguid], [ModifiedDate]) VALUES (33, 4, N'  ', 0, 0, 2, N'43eaf605-e1c4-48a6-b532-761dee9e64db', CAST(N'2019-01-15T12:50:51.310' AS DateTime))
GO
INSERT [Finance].[AccountCollection] ([CollectionID], [CategoryID], [Name], [MultiSelect], [TypeLevel], [InventoryMode], [rowguid], [ModifiedDate]) VALUES (34, 4, N'  ', 0, 0, 0, N'83b0e472-c21a-4800-b479-65b25d476716', CAST(N'2019-01-15T12:51:41.607' AS DateTime))
GO
INSERT [Finance].[AccountCollection] ([CollectionID], [CategoryID], [Name], [MultiSelect], [TypeLevel], [InventoryMode], [rowguid], [ModifiedDate]) VALUES (35, 4, N'   ', 0, 0, 2, N'a41051cf-3919-4eef-a9bb-f5e100afd6d0', CAST(N'2019-01-15T12:52:06.367' AS DateTime))
GO
INSERT [Finance].[AccountCollection] ([CollectionID], [CategoryID], [Name], [MultiSelect], [TypeLevel], [InventoryMode], [rowguid], [ModifiedDate]) VALUES (36, 4, N' /    ', 0, 1, 2, N'b20122c9-8a39-445d-bbe0-3f424c0529e2', CAST(N'2019-01-15T12:52:29.343' AS DateTime))
GO
INSERT [Finance].[AccountCollection] ([CollectionID], [CategoryID], [Name], [MultiSelect], [TypeLevel], [InventoryMode], [rowguid], [ModifiedDate]) VALUES (37, 4, N'  ', 0, 0, 2, N'cb889886-cc01-4583-9ad2-267adfff47b2', CAST(N'2019-01-15T12:52:51.373' AS DateTime))
GO
INSERT [Finance].[AccountCollection] ([CollectionID], [CategoryID], [Name], [MultiSelect], [TypeLevel], [InventoryMode], [rowguid], [ModifiedDate]) VALUES (38, 4, N' ', 0, 0, 2, N'60332921-671e-4f04-af3e-3c0b9ebadebd', CAST(N'2019-01-15T12:53:11.953' AS DateTime))
GO
INSERT [Finance].[AccountCollection] ([CollectionID], [CategoryID], [Name], [MultiSelect], [TypeLevel], [InventoryMode], [rowguid], [ModifiedDate]) VALUES (39, 4, N' ', 0, 0, 2, N'c7a96c21-8160-417b-8185-7e25846d5247', CAST(N'2019-01-15T12:53:31.907' AS DateTime))
GO
INSERT [Finance].[AccountCollection] ([CollectionID], [CategoryID], [Name], [MultiSelect], [TypeLevel], [InventoryMode], [rowguid], [ModifiedDate]) VALUES (40, 4, N' ', 0, 0, 2, N'521498a4-28c1-477d-89e6-95365e01e4fb', CAST(N'2019-01-15T12:53:55.050' AS DateTime))
GO
INSERT [Finance].[AccountCollection] ([CollectionID], [CategoryID], [Name], [MultiSelect], [TypeLevel], [InventoryMode], [rowguid], [ModifiedDate]) VALUES (41, 5, N' ', 0, 1, 2, N'de1f3fb4-383f-4222-af54-62f3211b5d61', CAST(N'2019-01-15T12:54:36.443' AS DateTime))
GO
INSERT [Finance].[AccountCollection] ([CollectionID], [CategoryID], [Name], [MultiSelect], [TypeLevel], [InventoryMode], [rowguid], [ModifiedDate]) VALUES (42, 5, N' ', 0, 1, 2, N'7670e838-690b-4011-90e1-5b4370f932af', CAST(N'2019-01-15T12:54:51.660' AS DateTime))
GO
INSERT [Finance].[AccountCollection] ([CollectionID], [CategoryID], [Name], [MultiSelect], [TypeLevel], [InventoryMode], [rowguid], [ModifiedDate]) VALUES (43, 5, N' ', 0, 1, 2, N'44c8cf51-a426-433d-a950-e8d62653f553', CAST(N'2019-01-15T12:55:11.510' AS DateTime))
GO
INSERT [Finance].[AccountCollection] ([CollectionID], [CategoryID], [Name], [MultiSelect], [TypeLevel], [InventoryMode], [rowguid], [ModifiedDate]) VALUES (44, 5, N'    ', 0, 1, 2, N'3b1cab2a-7f71-4088-a35d-82fc44d42f44', CAST(N'2019-01-15T12:55:30.237' AS DateTime))
GO
INSERT [Finance].[AccountCollection] ([CollectionID], [CategoryID], [Name], [MultiSelect], [TypeLevel], [InventoryMode], [rowguid], [ModifiedDate]) VALUES (45, 5, N'    ', 0, 1, 2, N'4119925a-e825-4a3a-b86f-1899c9ddaf33', CAST(N'2019-01-15T12:55:50.610' AS DateTime))
GO
INSERT [Finance].[AccountCollection] ([CollectionID], [CategoryID], [Name], [MultiSelect], [TypeLevel], [InventoryMode], [rowguid], [ModifiedDate]) VALUES (46, 6, N'  ', 0, 2, 2, N'af71d08f-dc59-4de7-a745-04563f083aa9', CAST(N'2019-01-15T12:56:51.717' AS DateTime))
GO
INSERT [Finance].[AccountCollection] ([CollectionID], [CategoryID], [Name], [MultiSelect], [TypeLevel], [InventoryMode], [rowguid], [ModifiedDate]) VALUES (47, 6, N' ', 0, 0, 2, N'67f35b34-d512-47cf-9602-f02d4b7d1cd1', CAST(N'2019-01-15T13:26:26.080' AS DateTime))
GO
INSERT [Finance].[AccountCollection] ([CollectionID], [CategoryID], [Name], [MultiSelect], [TypeLevel], [InventoryMode], [rowguid], [ModifiedDate]) VALUES (48, 6, N'  ', 0, 0, 2, N'082edb78-743f-4f6c-b70a-a989421ed780', CAST(N'2019-01-15T13:27:04.580' AS DateTime))
GO
INSERT [Finance].[AccountCollection] ([CollectionID], [CategoryID], [Name], [MultiSelect], [TypeLevel], [InventoryMode], [rowguid], [ModifiedDate]) VALUES (49, 7, N' ', 0, 0, 2, N'70db4c8e-1763-4f92-a0fa-f478c2af259a', CAST(N'2019-01-15T13:27:42.067' AS DateTime))
GO
INSERT [Finance].[AccountCollection] ([CollectionID], [CategoryID], [Name], [MultiSelect], [TypeLevel], [InventoryMode], [rowguid], [ModifiedDate]) VALUES (50, 7, N'    ', 0, 0, 2, N'05cd9415-9a94-42a2-9321-189eb3677e0d', CAST(N'2019-01-15T13:28:04.187' AS DateTime))
GO
INSERT [Finance].[AccountCollection] ([CollectionID], [CategoryID], [Name], [MultiSelect], [TypeLevel], [InventoryMode], [rowguid], [ModifiedDate]) VALUES (51, 7, N'  ', 0, 0, 2, N'0058abb5-6531-44f7-b1a1-fa78c0d67a30', CAST(N'2019-01-15T13:28:52.073' AS DateTime))
GO
SET IDENTITY_INSERT [Finance].[AccountCollection] OFF
GO

SET IDENTITY_INSERT [Config].[LogSetting] ON
INSERT INTO [Config].[LogSetting] ([LogSettingID], [SubsystemID], [SourceTypeID], [SourceID], [EntityTypeID], [OperationID], [IsEnabled])
    VALUES (1, 2, 1, NULL, 1, 1, 1)
INSERT INTO [Config].[LogSetting] ([LogSettingID], [SubsystemID], [SourceTypeID], [SourceID], [EntityTypeID], [OperationID], [IsEnabled])
    VALUES (2, 2, 1, NULL, 1, 2, 1)
INSERT INTO [Config].[LogSetting] ([LogSettingID], [SubsystemID], [SourceTypeID], [SourceID], [EntityTypeID], [OperationID], [IsEnabled])
    VALUES (3, 2, 1, NULL, 1, 3, 1)
INSERT INTO [Config].[LogSetting] ([LogSettingID], [SubsystemID], [SourceTypeID], [SourceID], [EntityTypeID], [OperationID], [IsEnabled])
    VALUES (4, 2, 1, NULL, 1, 4, 1)
INSERT INTO [Config].[LogSetting] ([LogSettingID], [SubsystemID], [SourceTypeID], [SourceID], [EntityTypeID], [OperationID], [IsEnabled])
    VALUES (5, 2, 1, NULL, 1, 5, 1)
INSERT INTO [Config].[LogSetting] ([LogSettingID], [SubsystemID], [SourceTypeID], [SourceID], [EntityTypeID], [OperationID], [IsEnabled])
    VALUES (6, 2, 1, NULL, 1, 6, 1)
INSERT INTO [Config].[LogSetting] ([LogSettingID], [SubsystemID], [SourceTypeID], [SourceID], [EntityTypeID], [OperationID], [IsEnabled])
    VALUES (7, 2, 1, NULL, 1, 21, 1)
INSERT INTO [Config].[LogSetting] ([LogSettingID], [SubsystemID], [SourceTypeID], [SourceID], [EntityTypeID], [OperationID], [IsEnabled])
    VALUES (8, 2, 1, NULL, 1, 54, 1)
INSERT INTO [Config].[LogSetting] ([LogSettingID], [SubsystemID], [SourceTypeID], [SourceID], [EntityTypeID], [OperationID], [IsEnabled])
    VALUES (9, 2, 1, NULL, 1, 58, 1)
INSERT INTO [Config].[LogSetting] ([LogSettingID], [SubsystemID], [SourceTypeID], [SourceID], [EntityTypeID], [OperationID], [IsEnabled])
    VALUES (10, 2, 1, NULL, 2, 1, 1)
INSERT INTO [Config].[LogSetting] ([LogSettingID], [SubsystemID], [SourceTypeID], [SourceID], [EntityTypeID], [OperationID], [IsEnabled])
    VALUES (11, 2, 1, NULL, 2, 7, 1)
INSERT INTO [Config].[LogSetting] ([LogSettingID], [SubsystemID], [SourceTypeID], [SourceID], [EntityTypeID], [OperationID], [IsEnabled])
    VALUES (12, 2, 1, NULL, 4, 1, 1)
INSERT INTO [Config].[LogSetting] ([LogSettingID], [SubsystemID], [SourceTypeID], [SourceID], [EntityTypeID], [OperationID], [IsEnabled])
    VALUES (13, 2, 1, NULL, 4, 2, 1)
INSERT INTO [Config].[LogSetting] ([LogSettingID], [SubsystemID], [SourceTypeID], [SourceID], [EntityTypeID], [OperationID], [IsEnabled])
    VALUES (14, 2, 1, NULL, 4, 3, 1)
INSERT INTO [Config].[LogSetting] ([LogSettingID], [SubsystemID], [SourceTypeID], [SourceID], [EntityTypeID], [OperationID], [IsEnabled])
    VALUES (15, 2, 1, NULL, 4, 4, 1)
INSERT INTO [Config].[LogSetting] ([LogSettingID], [SubsystemID], [SourceTypeID], [SourceID], [EntityTypeID], [OperationID], [IsEnabled])
    VALUES (16, 2, 1, NULL, 4, 5, 1)
INSERT INTO [Config].[LogSetting] ([LogSettingID], [SubsystemID], [SourceTypeID], [SourceID], [EntityTypeID], [OperationID], [IsEnabled])
    VALUES (17, 2, 1, NULL, 4, 6, 1)
INSERT INTO [Config].[LogSetting] ([LogSettingID], [SubsystemID], [SourceTypeID], [SourceID], [EntityTypeID], [OperationID], [IsEnabled])
    VALUES (18, 2, 1, NULL, 4, 21, 1)
INSERT INTO [Config].[LogSetting] ([LogSettingID], [SubsystemID], [SourceTypeID], [SourceID], [EntityTypeID], [OperationID], [IsEnabled])
    VALUES (19, 2, 1, NULL, 4, 54, 1)
INSERT INTO [Config].[LogSetting] ([LogSettingID], [SubsystemID], [SourceTypeID], [SourceID], [EntityTypeID], [OperationID], [IsEnabled])
    VALUES (20, 2, 1, NULL, 4, 58, 1)
INSERT INTO [Config].[LogSetting] ([LogSettingID], [SubsystemID], [SourceTypeID], [SourceID], [EntityTypeID], [OperationID], [IsEnabled])
    VALUES (21, 2, 1, NULL, 5, 1, 1)
INSERT INTO [Config].[LogSetting] ([LogSettingID], [SubsystemID], [SourceTypeID], [SourceID], [EntityTypeID], [OperationID], [IsEnabled])
    VALUES (22, 2, 1, NULL, 5, 2, 1)
INSERT INTO [Config].[LogSetting] ([LogSettingID], [SubsystemID], [SourceTypeID], [SourceID], [EntityTypeID], [OperationID], [IsEnabled])
    VALUES (23, 2, 1, NULL, 5, 3, 1)
INSERT INTO [Config].[LogSetting] ([LogSettingID], [SubsystemID], [SourceTypeID], [SourceID], [EntityTypeID], [OperationID], [IsEnabled])
    VALUES (24, 2, 1, NULL, 5, 4, 1)
INSERT INTO [Config].[LogSetting] ([LogSettingID], [SubsystemID], [SourceTypeID], [SourceID], [EntityTypeID], [OperationID], [IsEnabled])
    VALUES (25, 2, 1, NULL, 5, 5, 1)
INSERT INTO [Config].[LogSetting] ([LogSettingID], [SubsystemID], [SourceTypeID], [SourceID], [EntityTypeID], [OperationID], [IsEnabled])
    VALUES (26, 2, 1, NULL, 5, 6, 1)
INSERT INTO [Config].[LogSetting] ([LogSettingID], [SubsystemID], [SourceTypeID], [SourceID], [EntityTypeID], [OperationID], [IsEnabled])
    VALUES (27, 2, 1, NULL, 5, 21, 1)
INSERT INTO [Config].[LogSetting] ([LogSettingID], [SubsystemID], [SourceTypeID], [SourceID], [EntityTypeID], [OperationID], [IsEnabled])
    VALUES (28, 2, 1, NULL, 5, 35, 1)
INSERT INTO [Config].[LogSetting] ([LogSettingID], [SubsystemID], [SourceTypeID], [SourceID], [EntityTypeID], [OperationID], [IsEnabled])
    VALUES (29, 2, 1, NULL, 5, 54, 1)
INSERT INTO [Config].[LogSetting] ([LogSettingID], [SubsystemID], [SourceTypeID], [SourceID], [EntityTypeID], [OperationID], [IsEnabled])
    VALUES (30, 2, 1, NULL, 5, 58, 1)
INSERT INTO [Config].[LogSetting] ([LogSettingID], [SubsystemID], [SourceTypeID], [SourceID], [EntityTypeID], [OperationID], [IsEnabled])
    VALUES (31, 2, 1, NULL, 6, 1, 1)
INSERT INTO [Config].[LogSetting] ([LogSettingID], [SubsystemID], [SourceTypeID], [SourceID], [EntityTypeID], [OperationID], [IsEnabled])
    VALUES (32, 2, 1, NULL, 6, 2, 1)
INSERT INTO [Config].[LogSetting] ([LogSettingID], [SubsystemID], [SourceTypeID], [SourceID], [EntityTypeID], [OperationID], [IsEnabled])
    VALUES (33, 2, 1, NULL, 6, 3, 1)
INSERT INTO [Config].[LogSetting] ([LogSettingID], [SubsystemID], [SourceTypeID], [SourceID], [EntityTypeID], [OperationID], [IsEnabled])
    VALUES (34, 2, 1, NULL, 6, 4, 1)
INSERT INTO [Config].[LogSetting] ([LogSettingID], [SubsystemID], [SourceTypeID], [SourceID], [EntityTypeID], [OperationID], [IsEnabled])
    VALUES (35, 2, 1, NULL, 6, 5, 1)
INSERT INTO [Config].[LogSetting] ([LogSettingID], [SubsystemID], [SourceTypeID], [SourceID], [EntityTypeID], [OperationID], [IsEnabled])
    VALUES (36, 2, 1, NULL, 6, 6, 1)
INSERT INTO [Config].[LogSetting] ([LogSettingID], [SubsystemID], [SourceTypeID], [SourceID], [EntityTypeID], [OperationID], [IsEnabled])
    VALUES (37, 2, 1, NULL, 6, 21, 1)
INSERT INTO [Config].[LogSetting] ([LogSettingID], [SubsystemID], [SourceTypeID], [SourceID], [EntityTypeID], [OperationID], [IsEnabled])
    VALUES (38, 2, 1, NULL, 6, 54, 1)
INSERT INTO [Config].[LogSetting] ([LogSettingID], [SubsystemID], [SourceTypeID], [SourceID], [EntityTypeID], [OperationID], [IsEnabled])
    VALUES (39, 2, 1, NULL, 6, 58, 1)
INSERT INTO [Config].[LogSetting] ([LogSettingID], [SubsystemID], [SourceTypeID], [SourceID], [EntityTypeID], [OperationID], [IsEnabled])
    VALUES (40, 2, 1, NULL, 7, 1, 1)
INSERT INTO [Config].[LogSetting] ([LogSettingID], [SubsystemID], [SourceTypeID], [SourceID], [EntityTypeID], [OperationID], [IsEnabled])
    VALUES (41, 2, 1, NULL, 7, 2, 1)
INSERT INTO [Config].[LogSetting] ([LogSettingID], [SubsystemID], [SourceTypeID], [SourceID], [EntityTypeID], [OperationID], [IsEnabled])
    VALUES (42, 2, 1, NULL, 7, 3, 1)
INSERT INTO [Config].[LogSetting] ([LogSettingID], [SubsystemID], [SourceTypeID], [SourceID], [EntityTypeID], [OperationID], [IsEnabled])
    VALUES (43, 2, 1, NULL, 7, 4, 1)
INSERT INTO [Config].[LogSetting] ([LogSettingID], [SubsystemID], [SourceTypeID], [SourceID], [EntityTypeID], [OperationID], [IsEnabled])
    VALUES (44, 2, 1, NULL, 7, 5, 1)
INSERT INTO [Config].[LogSetting] ([LogSettingID], [SubsystemID], [SourceTypeID], [SourceID], [EntityTypeID], [OperationID], [IsEnabled])
    VALUES (45, 2, 1, NULL, 7, 6, 1)
INSERT INTO [Config].[LogSetting] ([LogSettingID], [SubsystemID], [SourceTypeID], [SourceID], [EntityTypeID], [OperationID], [IsEnabled])
    VALUES (46, 2, 1, NULL, 7, 21, 1)
INSERT INTO [Config].[LogSetting] ([LogSettingID], [SubsystemID], [SourceTypeID], [SourceID], [EntityTypeID], [OperationID], [IsEnabled])
    VALUES (47, 2, 1, NULL, 7, 40, 1)
INSERT INTO [Config].[LogSetting] ([LogSettingID], [SubsystemID], [SourceTypeID], [SourceID], [EntityTypeID], [OperationID], [IsEnabled])
    VALUES (48, 2, 1, NULL, 7, 41, 1)
INSERT INTO [Config].[LogSetting] ([LogSettingID], [SubsystemID], [SourceTypeID], [SourceID], [EntityTypeID], [OperationID], [IsEnabled])
    VALUES (49, 2, 1, NULL, 7, 42, 1)
INSERT INTO [Config].[LogSetting] ([LogSettingID], [SubsystemID], [SourceTypeID], [SourceID], [EntityTypeID], [OperationID], [IsEnabled])
    VALUES (50, 2, 1, NULL, 7, 43, 1)
INSERT INTO [Config].[LogSetting] ([LogSettingID], [SubsystemID], [SourceTypeID], [SourceID], [EntityTypeID], [OperationID], [IsEnabled])
    VALUES (51, 2, 1, NULL, 7, 44, 1)
INSERT INTO [Config].[LogSetting] ([LogSettingID], [SubsystemID], [SourceTypeID], [SourceID], [EntityTypeID], [OperationID], [IsEnabled])
    VALUES (52, 2, 1, NULL, 7, 45, 1)
INSERT INTO [Config].[LogSetting] ([LogSettingID], [SubsystemID], [SourceTypeID], [SourceID], [EntityTypeID], [OperationID], [IsEnabled])
    VALUES (53, 2, 1, NULL, 7, 54, 1)
INSERT INTO [Config].[LogSetting] ([LogSettingID], [SubsystemID], [SourceTypeID], [SourceID], [EntityTypeID], [OperationID], [IsEnabled])
    VALUES (54, 2, 1, NULL, 7, 55, 1)
INSERT INTO [Config].[LogSetting] ([LogSettingID], [SubsystemID], [SourceTypeID], [SourceID], [EntityTypeID], [OperationID], [IsEnabled])
    VALUES (55, 2, 1, NULL, 7, 56, 1)
INSERT INTO [Config].[LogSetting] ([LogSettingID], [SubsystemID], [SourceTypeID], [SourceID], [EntityTypeID], [OperationID], [IsEnabled])
    VALUES (56, 2, 1, NULL, 7, 58, 1)
INSERT INTO [Config].[LogSetting] ([LogSettingID], [SubsystemID], [SourceTypeID], [SourceID], [EntityTypeID], [OperationID], [IsEnabled])
    VALUES (57, 2, 1, NULL, 9, 1, 1)
INSERT INTO [Config].[LogSetting] ([LogSettingID], [SubsystemID], [SourceTypeID], [SourceID], [EntityTypeID], [OperationID], [IsEnabled])
    VALUES (58, 2, 1, NULL, 9, 2, 1)
INSERT INTO [Config].[LogSetting] ([LogSettingID], [SubsystemID], [SourceTypeID], [SourceID], [EntityTypeID], [OperationID], [IsEnabled])
    VALUES (59, 2, 1, NULL, 9, 3, 1)
INSERT INTO [Config].[LogSetting] ([LogSettingID], [SubsystemID], [SourceTypeID], [SourceID], [EntityTypeID], [OperationID], [IsEnabled])
    VALUES (60, 2, 1, NULL, 9, 4, 1)
INSERT INTO [Config].[LogSetting] ([LogSettingID], [SubsystemID], [SourceTypeID], [SourceID], [EntityTypeID], [OperationID], [IsEnabled])
    VALUES (61, 2, 1, NULL, 9, 5, 1)
INSERT INTO [Config].[LogSetting] ([LogSettingID], [SubsystemID], [SourceTypeID], [SourceID], [EntityTypeID], [OperationID], [IsEnabled])
    VALUES (62, 2, 1, NULL, 9, 6, 1)
INSERT INTO [Config].[LogSetting] ([LogSettingID], [SubsystemID], [SourceTypeID], [SourceID], [EntityTypeID], [OperationID], [IsEnabled])
    VALUES (63, 2, 1, NULL, 9, 21, 1)
INSERT INTO [Config].[LogSetting] ([LogSettingID], [SubsystemID], [SourceTypeID], [SourceID], [EntityTypeID], [OperationID], [IsEnabled])
    VALUES (64, 2, 1, NULL, 9, 54, 1)
INSERT INTO [Config].[LogSetting] ([LogSettingID], [SubsystemID], [SourceTypeID], [SourceID], [EntityTypeID], [OperationID], [IsEnabled])
    VALUES (65, 2, 1, NULL, 9, 58, 1)
INSERT INTO [Config].[LogSetting] ([LogSettingID], [SubsystemID], [SourceTypeID], [SourceID], [EntityTypeID], [OperationID], [IsEnabled])
    VALUES (66, 2, 1, NULL, 10, 1, 1)
INSERT INTO [Config].[LogSetting] ([LogSettingID], [SubsystemID], [SourceTypeID], [SourceID], [EntityTypeID], [OperationID], [IsEnabled])
    VALUES (67, 2, 1, NULL, 10, 2, 1)
INSERT INTO [Config].[LogSetting] ([LogSettingID], [SubsystemID], [SourceTypeID], [SourceID], [EntityTypeID], [OperationID], [IsEnabled])
    VALUES (68, 2, 1, NULL, 10, 3, 1)
INSERT INTO [Config].[LogSetting] ([LogSettingID], [SubsystemID], [SourceTypeID], [SourceID], [EntityTypeID], [OperationID], [IsEnabled])
    VALUES (69, 2, 1, NULL, 10, 4, 1)
INSERT INTO [Config].[LogSetting] ([LogSettingID], [SubsystemID], [SourceTypeID], [SourceID], [EntityTypeID], [OperationID], [IsEnabled])
    VALUES (70, 2, 1, NULL, 10, 5, 1)
INSERT INTO [Config].[LogSetting] ([LogSettingID], [SubsystemID], [SourceTypeID], [SourceID], [EntityTypeID], [OperationID], [IsEnabled])
    VALUES (71, 2, 1, NULL, 10, 6, 1)
INSERT INTO [Config].[LogSetting] ([LogSettingID], [SubsystemID], [SourceTypeID], [SourceID], [EntityTypeID], [OperationID], [IsEnabled])
    VALUES (72, 2, 1, NULL, 10, 21, 1)
INSERT INTO [Config].[LogSetting] ([LogSettingID], [SubsystemID], [SourceTypeID], [SourceID], [EntityTypeID], [OperationID], [IsEnabled])
    VALUES (73, 2, 1, NULL, 10, 35, 1)
INSERT INTO [Config].[LogSetting] ([LogSettingID], [SubsystemID], [SourceTypeID], [SourceID], [EntityTypeID], [OperationID], [IsEnabled])
    VALUES (74, 2, 1, NULL, 10, 54, 1)
INSERT INTO [Config].[LogSetting] ([LogSettingID], [SubsystemID], [SourceTypeID], [SourceID], [EntityTypeID], [OperationID], [IsEnabled])
    VALUES (75, 2, 1, NULL, 10, 58, 1)
INSERT INTO [Config].[LogSetting] ([LogSettingID], [SubsystemID], [SourceTypeID], [SourceID], [EntityTypeID], [OperationID], [IsEnabled])
    VALUES (76, 2, 2, NULL, 11, 1, 1)
INSERT INTO [Config].[LogSetting] ([LogSettingID], [SubsystemID], [SourceTypeID], [SourceID], [EntityTypeID], [OperationID], [IsEnabled])
    VALUES (77, 2, 2, NULL, 11, 4, 1)
INSERT INTO [Config].[LogSetting] ([LogSettingID], [SubsystemID], [SourceTypeID], [SourceID], [EntityTypeID], [OperationID], [IsEnabled])
    VALUES (78, 2, 2, NULL, 11, 5, 1)
INSERT INTO [Config].[LogSetting] ([LogSettingID], [SubsystemID], [SourceTypeID], [SourceID], [EntityTypeID], [OperationID], [IsEnabled])
    VALUES (79, 2, 2, NULL, 11, 6, 1)
INSERT INTO [Config].[LogSetting] ([LogSettingID], [SubsystemID], [SourceTypeID], [SourceID], [EntityTypeID], [OperationID], [IsEnabled])
    VALUES (80, 2, 2, NULL, 11, 8, 1)
INSERT INTO [Config].[LogSetting] ([LogSettingID], [SubsystemID], [SourceTypeID], [SourceID], [EntityTypeID], [OperationID], [IsEnabled])
    VALUES (81, 2, 2, NULL, 11, 30, 1)
INSERT INTO [Config].[LogSetting] ([LogSettingID], [SubsystemID], [SourceTypeID], [SourceID], [EntityTypeID], [OperationID], [IsEnabled])
    VALUES (82, 2, 2, NULL, 11, 54, 1)
INSERT INTO [Config].[LogSetting] ([LogSettingID], [SubsystemID], [SourceTypeID], [SourceID], [EntityTypeID], [OperationID], [IsEnabled])
    VALUES (83, 2, 2, NULL, 11, 58, 1)
INSERT INTO [Config].[LogSetting] ([LogSettingID], [SubsystemID], [SourceTypeID], [SourceID], [EntityTypeID], [OperationID], [IsEnabled])
    VALUES (84, 2, 1, NULL, 12, 1, 1)
INSERT INTO [Config].[LogSetting] ([LogSettingID], [SubsystemID], [SourceTypeID], [SourceID], [EntityTypeID], [OperationID], [IsEnabled])
    VALUES (85, 2, 1, NULL, 12, 2, 1)
INSERT INTO [Config].[LogSetting] ([LogSettingID], [SubsystemID], [SourceTypeID], [SourceID], [EntityTypeID], [OperationID], [IsEnabled])
    VALUES (86, 2, 1, NULL, 12, 3, 1)
INSERT INTO [Config].[LogSetting] ([LogSettingID], [SubsystemID], [SourceTypeID], [SourceID], [EntityTypeID], [OperationID], [IsEnabled])
    VALUES (87, 2, 1, NULL, 12, 4, 1)
INSERT INTO [Config].[LogSetting] ([LogSettingID], [SubsystemID], [SourceTypeID], [SourceID], [EntityTypeID], [OperationID], [IsEnabled])
    VALUES (88, 2, 1, NULL, 12, 5, 1)
INSERT INTO [Config].[LogSetting] ([LogSettingID], [SubsystemID], [SourceTypeID], [SourceID], [EntityTypeID], [OperationID], [IsEnabled])
    VALUES (89, 2, 1, NULL, 12, 6, 1)
INSERT INTO [Config].[LogSetting] ([LogSettingID], [SubsystemID], [SourceTypeID], [SourceID], [EntityTypeID], [OperationID], [IsEnabled])
    VALUES (90, 2, 1, NULL, 12, 21, 1)
INSERT INTO [Config].[LogSetting] ([LogSettingID], [SubsystemID], [SourceTypeID], [SourceID], [EntityTypeID], [OperationID], [IsEnabled])
    VALUES (91, 2, 1, NULL, 12, 54, 1)
INSERT INTO [Config].[LogSetting] ([LogSettingID], [SubsystemID], [SourceTypeID], [SourceID], [EntityTypeID], [OperationID], [IsEnabled])
    VALUES (92, 2, 1, NULL, 12, 58, 1)
INSERT INTO [Config].[LogSetting] ([LogSettingID], [SubsystemID], [SourceTypeID], [SourceID], [EntityTypeID], [OperationID], [IsEnabled])
    VALUES (93, 2, 1, NULL, 15, 1, 1)
INSERT INTO [Config].[LogSetting] ([LogSettingID], [SubsystemID], [SourceTypeID], [SourceID], [EntityTypeID], [OperationID], [IsEnabled])
    VALUES (94, 2, 1, NULL, 15, 7, 1)
INSERT INTO [Config].[LogSetting] ([LogSettingID], [SubsystemID], [SourceTypeID], [SourceID], [EntityTypeID], [OperationID], [IsEnabled])
    VALUES (95, 2, 1, NULL, 15, 31, 1)
INSERT INTO [Config].[LogSetting] ([LogSettingID], [SubsystemID], [SourceTypeID], [SourceID], [EntityTypeID], [OperationID], [IsEnabled])
    VALUES (96, 2, 2, NULL, 17, 1, 1)
INSERT INTO [Config].[LogSetting] ([LogSettingID], [SubsystemID], [SourceTypeID], [SourceID], [EntityTypeID], [OperationID], [IsEnabled])
    VALUES (97, 2, 2, NULL, 17, 2, 1)
INSERT INTO [Config].[LogSetting] ([LogSettingID], [SubsystemID], [SourceTypeID], [SourceID], [EntityTypeID], [OperationID], [IsEnabled])
    VALUES (98, 2, 2, NULL, 17, 3, 1)
INSERT INTO [Config].[LogSetting] ([LogSettingID], [SubsystemID], [SourceTypeID], [SourceID], [EntityTypeID], [OperationID], [IsEnabled])
    VALUES (99, 2, 2, NULL, 17, 4, 1)
INSERT INTO [Config].[LogSetting] ([LogSettingID], [SubsystemID], [SourceTypeID], [SourceID], [EntityTypeID], [OperationID], [IsEnabled])
    VALUES (100, 2, 2, NULL, 17, 6, 1)
INSERT INTO [Config].[LogSetting] ([LogSettingID], [SubsystemID], [SourceTypeID], [SourceID], [EntityTypeID], [OperationID], [IsEnabled])
    VALUES (101, 2, 2, NULL, 17, 11, 1)
INSERT INTO [Config].[LogSetting] ([LogSettingID], [SubsystemID], [SourceTypeID], [SourceID], [EntityTypeID], [OperationID], [IsEnabled])
    VALUES (102, 2, 2, NULL, 17, 12, 1)
INSERT INTO [Config].[LogSetting] ([LogSettingID], [SubsystemID], [SourceTypeID], [SourceID], [EntityTypeID], [OperationID], [IsEnabled])
    VALUES (103, 2, 2, NULL, 17, 13, 1)
INSERT INTO [Config].[LogSetting] ([LogSettingID], [SubsystemID], [SourceTypeID], [SourceID], [EntityTypeID], [OperationID], [IsEnabled])
    VALUES (104, 2, 2, NULL, 17, 14, 1)
INSERT INTO [Config].[LogSetting] ([LogSettingID], [SubsystemID], [SourceTypeID], [SourceID], [EntityTypeID], [OperationID], [IsEnabled])
    VALUES (105, 2, 2, NULL, 17, 15, 1)
INSERT INTO [Config].[LogSetting] ([LogSettingID], [SubsystemID], [SourceTypeID], [SourceID], [EntityTypeID], [OperationID], [IsEnabled])
    VALUES (106, 2, 2, NULL, 17, 16, 1)
INSERT INTO [Config].[LogSetting] ([LogSettingID], [SubsystemID], [SourceTypeID], [SourceID], [EntityTypeID], [OperationID], [IsEnabled])
    VALUES (107, 2, 2, NULL, 17, 17, 1)
INSERT INTO [Config].[LogSetting] ([LogSettingID], [SubsystemID], [SourceTypeID], [SourceID], [EntityTypeID], [OperationID], [IsEnabled])
    VALUES (108, 2, 2, NULL, 17, 18, 1)
INSERT INTO [Config].[LogSetting] ([LogSettingID], [SubsystemID], [SourceTypeID], [SourceID], [EntityTypeID], [OperationID], [IsEnabled])
    VALUES (109, 2, 2, NULL, 17, 21, 1)
INSERT INTO [Config].[LogSetting] ([LogSettingID], [SubsystemID], [SourceTypeID], [SourceID], [EntityTypeID], [OperationID], [IsEnabled])
    VALUES (110, 2, 2, NULL, 17, 36, 1)
INSERT INTO [Config].[LogSetting] ([LogSettingID], [SubsystemID], [SourceTypeID], [SourceID], [EntityTypeID], [OperationID], [IsEnabled])
    VALUES (111, 2, 2, NULL, 17, 37, 1)
INSERT INTO [Config].[LogSetting] ([LogSettingID], [SubsystemID], [SourceTypeID], [SourceID], [EntityTypeID], [OperationID], [IsEnabled])
    VALUES (112, 2, 2, NULL, 17, 38, 1)
INSERT INTO [Config].[LogSetting] ([LogSettingID], [SubsystemID], [SourceTypeID], [SourceID], [EntityTypeID], [OperationID], [IsEnabled])
    VALUES (113, 2, 2, NULL, 17, 39, 1)
INSERT INTO [Config].[LogSetting] ([LogSettingID], [SubsystemID], [SourceTypeID], [SourceID], [EntityTypeID], [OperationID], [IsEnabled])
    VALUES (114, 2, 2, NULL, 17, 46, 1)
INSERT INTO [Config].[LogSetting] ([LogSettingID], [SubsystemID], [SourceTypeID], [SourceID], [EntityTypeID], [OperationID], [IsEnabled])
    VALUES (115, 2, 2, NULL, 17, 47, 1)
INSERT INTO [Config].[LogSetting] ([LogSettingID], [SubsystemID], [SourceTypeID], [SourceID], [EntityTypeID], [OperationID], [IsEnabled])
    VALUES (116, 2, 2, NULL, 17, 48, 1)
INSERT INTO [Config].[LogSetting] ([LogSettingID], [SubsystemID], [SourceTypeID], [SourceID], [EntityTypeID], [OperationID], [IsEnabled])
    VALUES (117, 2, 2, NULL, 17, 49, 1)
INSERT INTO [Config].[LogSetting] ([LogSettingID], [SubsystemID], [SourceTypeID], [SourceID], [EntityTypeID], [OperationID], [IsEnabled])
    VALUES (118, 2, 2, NULL, 17, 50, 1)
INSERT INTO [Config].[LogSetting] ([LogSettingID], [SubsystemID], [SourceTypeID], [SourceID], [EntityTypeID], [OperationID], [IsEnabled])
    VALUES (119, 2, 2, NULL, 17, 51, 1)
INSERT INTO [Config].[LogSetting] ([LogSettingID], [SubsystemID], [SourceTypeID], [SourceID], [EntityTypeID], [OperationID], [IsEnabled])
    VALUES (120, 2, 2, NULL, 17, 58, 1)
INSERT INTO [Config].[LogSetting] ([LogSettingID], [SubsystemID], [SourceTypeID], [SourceID], [EntityTypeID], [OperationID], [IsEnabled])
    VALUES (121, 2, 2, NULL, 18, 1, 1)
INSERT INTO [Config].[LogSetting] ([LogSettingID], [SubsystemID], [SourceTypeID], [SourceID], [EntityTypeID], [OperationID], [IsEnabled])
    VALUES (122, 2, 2, NULL, 18, 2, 1)
INSERT INTO [Config].[LogSetting] ([LogSettingID], [SubsystemID], [SourceTypeID], [SourceID], [EntityTypeID], [OperationID], [IsEnabled])
    VALUES (123, 2, 2, NULL, 18, 3, 1)
INSERT INTO [Config].[LogSetting] ([LogSettingID], [SubsystemID], [SourceTypeID], [SourceID], [EntityTypeID], [OperationID], [IsEnabled])
    VALUES (124, 2, 2, NULL, 18, 4, 1)
INSERT INTO [Config].[LogSetting] ([LogSettingID], [SubsystemID], [SourceTypeID], [SourceID], [EntityTypeID], [OperationID], [IsEnabled])
    VALUES (125, 2, 2, NULL, 18, 6, 1)
INSERT INTO [Config].[LogSetting] ([LogSettingID], [SubsystemID], [SourceTypeID], [SourceID], [EntityTypeID], [OperationID], [IsEnabled])
    VALUES (126, 2, 2, NULL, 18, 11, 1)
INSERT INTO [Config].[LogSetting] ([LogSettingID], [SubsystemID], [SourceTypeID], [SourceID], [EntityTypeID], [OperationID], [IsEnabled])
    VALUES (127, 2, 2, NULL, 18, 12, 1)
INSERT INTO [Config].[LogSetting] ([LogSettingID], [SubsystemID], [SourceTypeID], [SourceID], [EntityTypeID], [OperationID], [IsEnabled])
    VALUES (128, 2, 2, NULL, 18, 21, 1)
INSERT INTO [Config].[LogSetting] ([LogSettingID], [SubsystemID], [SourceTypeID], [SourceID], [EntityTypeID], [OperationID], [IsEnabled])
    VALUES (129, 2, 2, NULL, 18, 36, 1)
INSERT INTO [Config].[LogSetting] ([LogSettingID], [SubsystemID], [SourceTypeID], [SourceID], [EntityTypeID], [OperationID], [IsEnabled])
    VALUES (130, 2, 2, NULL, 18, 37, 1)
INSERT INTO [Config].[LogSetting] ([LogSettingID], [SubsystemID], [SourceTypeID], [SourceID], [EntityTypeID], [OperationID], [IsEnabled])
    VALUES (131, 2, 2, NULL, 18, 38, 1)
INSERT INTO [Config].[LogSetting] ([LogSettingID], [SubsystemID], [SourceTypeID], [SourceID], [EntityTypeID], [OperationID], [IsEnabled])
    VALUES (132, 2, 2, NULL, 18, 39, 1)
INSERT INTO [Config].[LogSetting] ([LogSettingID], [SubsystemID], [SourceTypeID], [SourceID], [EntityTypeID], [OperationID], [IsEnabled])
    VALUES (133, 2, 2, NULL, 18, 46, 1)
INSERT INTO [Config].[LogSetting] ([LogSettingID], [SubsystemID], [SourceTypeID], [SourceID], [EntityTypeID], [OperationID], [IsEnabled])
    VALUES (134, 2, 2, NULL, 18, 47, 1)
INSERT INTO [Config].[LogSetting] ([LogSettingID], [SubsystemID], [SourceTypeID], [SourceID], [EntityTypeID], [OperationID], [IsEnabled])
    VALUES (135, 2, 2, NULL, 18, 52, 1)
INSERT INTO [Config].[LogSetting] ([LogSettingID], [SubsystemID], [SourceTypeID], [SourceID], [EntityTypeID], [OperationID], [IsEnabled])
    VALUES (136, 2, 2, NULL, 18, 53, 1)
INSERT INTO [Config].[LogSetting] ([LogSettingID], [SubsystemID], [SourceTypeID], [SourceID], [EntityTypeID], [OperationID], [IsEnabled])
    VALUES (137, 2, 2, NULL, 18, 58, 1)
INSERT INTO [Config].[LogSetting] ([LogSettingID], [SubsystemID], [SourceTypeID], [SourceID], [EntityTypeID], [OperationID], [IsEnabled])
    VALUES (138, 2, 3, NULL, 19, 2, 1)
INSERT INTO [Config].[LogSetting] ([LogSettingID], [SubsystemID], [SourceTypeID], [SourceID], [EntityTypeID], [OperationID], [IsEnabled])
    VALUES (139, 2, 3, NULL, 19, 3, 1)
INSERT INTO [Config].[LogSetting] ([LogSettingID], [SubsystemID], [SourceTypeID], [SourceID], [EntityTypeID], [OperationID], [IsEnabled])
    VALUES (140, 2, 3, NULL, 19, 4, 1)
INSERT INTO [Config].[LogSetting] ([LogSettingID], [SubsystemID], [SourceTypeID], [SourceID], [EntityTypeID], [OperationID], [IsEnabled])
    VALUES (141, 2, 3, NULL, 19, 6, 1)
INSERT INTO [Config].[LogSetting] ([LogSettingID], [SubsystemID], [SourceTypeID], [SourceID], [EntityTypeID], [OperationID], [IsEnabled])
    VALUES (142, 2, 3, NULL, 19, 54, 1)
INSERT INTO [Config].[LogSetting] ([LogSettingID], [SubsystemID], [SourceTypeID], [SourceID], [EntityTypeID], [OperationID], [IsEnabled])
    VALUES (143, 2, 3, NULL, 20, 1, 1)
INSERT INTO [Config].[LogSetting] ([LogSettingID], [SubsystemID], [SourceTypeID], [SourceID], [EntityTypeID], [OperationID], [IsEnabled])
    VALUES (144, 2, 3, NULL, 20, 2, 1)
INSERT INTO [Config].[LogSetting] ([LogSettingID], [SubsystemID], [SourceTypeID], [SourceID], [EntityTypeID], [OperationID], [IsEnabled])
    VALUES (145, 2, 3, NULL, 20, 3, 1)
INSERT INTO [Config].[LogSetting] ([LogSettingID], [SubsystemID], [SourceTypeID], [SourceID], [EntityTypeID], [OperationID], [IsEnabled])
    VALUES (146, 2, 3, NULL, 20, 4, 1)
INSERT INTO [Config].[LogSetting] ([LogSettingID], [SubsystemID], [SourceTypeID], [SourceID], [EntityTypeID], [OperationID], [IsEnabled])
    VALUES (147, 2, 3, NULL, 20, 5, 1)
INSERT INTO [Config].[LogSetting] ([LogSettingID], [SubsystemID], [SourceTypeID], [SourceID], [EntityTypeID], [OperationID], [IsEnabled])
    VALUES (148, 2, 3, NULL, 20, 6, 1)
INSERT INTO [Config].[LogSetting] ([LogSettingID], [SubsystemID], [SourceTypeID], [SourceID], [EntityTypeID], [OperationID], [IsEnabled])
    VALUES (149, 2, 3, NULL, 20, 54, 1)
INSERT INTO [Config].[LogSetting] ([LogSettingID], [SubsystemID], [SourceTypeID], [SourceID], [EntityTypeID], [OperationID], [IsEnabled])
    VALUES (150, 2, 3, NULL, 20, 58, 1)
INSERT INTO [Config].[LogSetting] ([LogSettingID], [SubsystemID], [SourceTypeID], [SourceID], [EntityTypeID], [OperationID], [IsEnabled])
    VALUES (151, 2, 3, 1, NULL, 1, 1)
INSERT INTO [Config].[LogSetting] ([LogSettingID], [SubsystemID], [SourceTypeID], [SourceID], [EntityTypeID], [OperationID], [IsEnabled])
    VALUES (152, 2, 3, 1, NULL, 5, 1)
INSERT INTO [Config].[LogSetting] ([LogSettingID], [SubsystemID], [SourceTypeID], [SourceID], [EntityTypeID], [OperationID], [IsEnabled])
    VALUES (153, 2, 3, 1, NULL, 6, 1)
INSERT INTO [Config].[LogSetting] ([LogSettingID], [SubsystemID], [SourceTypeID], [SourceID], [EntityTypeID], [OperationID], [IsEnabled])
    VALUES (154, 2, 3, 1, NULL, 54, 1)
INSERT INTO [Config].[LogSetting] ([LogSettingID], [SubsystemID], [SourceTypeID], [SourceID], [EntityTypeID], [OperationID], [IsEnabled])
    VALUES (155, 2, 3, 1, NULL, 58, 1)
INSERT INTO [Config].[LogSetting] ([LogSettingID], [SubsystemID], [SourceTypeID], [SourceID], [EntityTypeID], [OperationID], [IsEnabled])
    VALUES (156, 2, 3, 2, NULL, 1, 1)
INSERT INTO [Config].[LogSetting] ([LogSettingID], [SubsystemID], [SourceTypeID], [SourceID], [EntityTypeID], [OperationID], [IsEnabled])
    VALUES (157, 2, 3, 2, NULL, 5, 1)
INSERT INTO [Config].[LogSetting] ([LogSettingID], [SubsystemID], [SourceTypeID], [SourceID], [EntityTypeID], [OperationID], [IsEnabled])
    VALUES (158, 2, 3, 2, NULL, 6, 1)
INSERT INTO [Config].[LogSetting] ([LogSettingID], [SubsystemID], [SourceTypeID], [SourceID], [EntityTypeID], [OperationID], [IsEnabled])
    VALUES (159, 2, 3, 2, NULL, 54, 1)
INSERT INTO [Config].[LogSetting] ([LogSettingID], [SubsystemID], [SourceTypeID], [SourceID], [EntityTypeID], [OperationID], [IsEnabled])
    VALUES (160, 2, 3, 2, NULL, 58, 1)
INSERT INTO [Config].[LogSetting] ([LogSettingID], [SubsystemID], [SourceTypeID], [SourceID], [EntityTypeID], [OperationID], [IsEnabled])
    VALUES (161, 2, 3, 3, NULL, 1, 1)
INSERT INTO [Config].[LogSetting] ([LogSettingID], [SubsystemID], [SourceTypeID], [SourceID], [EntityTypeID], [OperationID], [IsEnabled])
    VALUES (162, 2, 3, 3, NULL, 5, 1)
INSERT INTO [Config].[LogSetting] ([LogSettingID], [SubsystemID], [SourceTypeID], [SourceID], [EntityTypeID], [OperationID], [IsEnabled])
    VALUES (163, 2, 3, 3, NULL, 6, 1)
INSERT INTO [Config].[LogSetting] ([LogSettingID], [SubsystemID], [SourceTypeID], [SourceID], [EntityTypeID], [OperationID], [IsEnabled])
    VALUES (164, 2, 3, 3, NULL, 54, 1)
INSERT INTO [Config].[LogSetting] ([LogSettingID], [SubsystemID], [SourceTypeID], [SourceID], [EntityTypeID], [OperationID], [IsEnabled])
    VALUES (165, 2, 3, 3, NULL, 58, 1)
INSERT INTO [Config].[LogSetting] ([LogSettingID], [SubsystemID], [SourceTypeID], [SourceID], [EntityTypeID], [OperationID], [IsEnabled])
    VALUES (166, 2, 3, 4, NULL, 1, 1)
INSERT INTO [Config].[LogSetting] ([LogSettingID], [SubsystemID], [SourceTypeID], [SourceID], [EntityTypeID], [OperationID], [IsEnabled])
    VALUES (167, 2, 3, 4, NULL, 5, 1)
INSERT INTO [Config].[LogSetting] ([LogSettingID], [SubsystemID], [SourceTypeID], [SourceID], [EntityTypeID], [OperationID], [IsEnabled])
    VALUES (168, 2, 3, 4, NULL, 6, 1)
INSERT INTO [Config].[LogSetting] ([LogSettingID], [SubsystemID], [SourceTypeID], [SourceID], [EntityTypeID], [OperationID], [IsEnabled])
    VALUES (169, 2, 3, 4, NULL, 54, 1)
INSERT INTO [Config].[LogSetting] ([LogSettingID], [SubsystemID], [SourceTypeID], [SourceID], [EntityTypeID], [OperationID], [IsEnabled])
    VALUES (170, 2, 3, 4, NULL, 58, 1)
INSERT INTO [Config].[LogSetting] ([LogSettingID], [SubsystemID], [SourceTypeID], [SourceID], [EntityTypeID], [OperationID], [IsEnabled])
    VALUES (171, 2, 3, 5, NULL, 1, 1)
INSERT INTO [Config].[LogSetting] ([LogSettingID], [SubsystemID], [SourceTypeID], [SourceID], [EntityTypeID], [OperationID], [IsEnabled])
    VALUES (172, 2, 3, 5, NULL, 5, 1)
INSERT INTO [Config].[LogSetting] ([LogSettingID], [SubsystemID], [SourceTypeID], [SourceID], [EntityTypeID], [OperationID], [IsEnabled])
    VALUES (173, 2, 3, 5, NULL, 6, 1)
INSERT INTO [Config].[LogSetting] ([LogSettingID], [SubsystemID], [SourceTypeID], [SourceID], [EntityTypeID], [OperationID], [IsEnabled])
    VALUES (174, 2, 3, 5, NULL, 54, 1)
INSERT INTO [Config].[LogSetting] ([LogSettingID], [SubsystemID], [SourceTypeID], [SourceID], [EntityTypeID], [OperationID], [IsEnabled])
    VALUES (175, 2, 3, 5, NULL, 58, 1)
INSERT INTO [Config].[LogSetting] ([LogSettingID], [SubsystemID], [SourceTypeID], [SourceID], [EntityTypeID], [OperationID], [IsEnabled])
    VALUES (176, 2, 3, 6, NULL, 1, 1)
INSERT INTO [Config].[LogSetting] ([LogSettingID], [SubsystemID], [SourceTypeID], [SourceID], [EntityTypeID], [OperationID], [IsEnabled])
    VALUES (177, 2, 3, 6, NULL, 5, 1)
INSERT INTO [Config].[LogSetting] ([LogSettingID], [SubsystemID], [SourceTypeID], [SourceID], [EntityTypeID], [OperationID], [IsEnabled])
    VALUES (178, 2, 3, 6, NULL, 6, 1)
INSERT INTO [Config].[LogSetting] ([LogSettingID], [SubsystemID], [SourceTypeID], [SourceID], [EntityTypeID], [OperationID], [IsEnabled])
    VALUES (179, 2, 3, 6, NULL, 54, 1)
INSERT INTO [Config].[LogSetting] ([LogSettingID], [SubsystemID], [SourceTypeID], [SourceID], [EntityTypeID], [OperationID], [IsEnabled])
    VALUES (180, 2, 3, 6, NULL, 58, 1)
INSERT INTO [Config].[LogSetting] ([LogSettingID], [SubsystemID], [SourceTypeID], [SourceID], [EntityTypeID], [OperationID], [IsEnabled])
    VALUES (181, 2, 1, 9, NULL, 32, 1)
INSERT INTO [Config].[LogSetting] ([LogSettingID], [SubsystemID], [SourceTypeID], [SourceID], [EntityTypeID], [OperationID], [IsEnabled])
    VALUES (182, 2, 1, 9, NULL, 33, 1)
INSERT INTO [Config].[LogSetting] ([LogSettingID], [SubsystemID], [SourceTypeID], [SourceID], [EntityTypeID], [OperationID], [IsEnabled])
    VALUES (183, 2, 1, 9, NULL, 34, 1)
INSERT INTO [Config].[LogSetting] ([LogSettingID], [SubsystemID], [SourceTypeID], [SourceID], [EntityTypeID], [OperationID], [IsEnabled])
    VALUES (184, 2, 3, 10, NULL, 1, 1)
INSERT INTO [Config].[LogSetting] ([LogSettingID], [SubsystemID], [SourceTypeID], [SourceID], [EntityTypeID], [OperationID], [IsEnabled])
    VALUES (185, 2, 3, 10, NULL, 5, 1)
INSERT INTO [Config].[LogSetting] ([LogSettingID], [SubsystemID], [SourceTypeID], [SourceID], [EntityTypeID], [OperationID], [IsEnabled])
    VALUES (186, 2, 3, 10, NULL, 6, 1)
INSERT INTO [Config].[LogSetting] ([LogSettingID], [SubsystemID], [SourceTypeID], [SourceID], [EntityTypeID], [OperationID], [IsEnabled])
    VALUES (187, 2, 3, 10, NULL, 54, 1)
INSERT INTO [Config].[LogSetting] ([LogSettingID], [SubsystemID], [SourceTypeID], [SourceID], [EntityTypeID], [OperationID], [IsEnabled])
    VALUES (188, 2, 3, 10, NULL, 58, 1)
INSERT INTO [Config].[LogSetting] ([LogSettingID], [SubsystemID], [SourceTypeID], [SourceID], [EntityTypeID], [OperationID], [IsEnabled])
    VALUES (189, 2, 1, 11, NULL, 1, 1)
INSERT INTO [Config].[LogSetting] ([LogSettingID], [SubsystemID], [SourceTypeID], [SourceID], [EntityTypeID], [OperationID], [IsEnabled])
    VALUES (190, 2, 1, 11, NULL, 7, 1)
INSERT INTO [Config].[LogSetting] ([LogSettingID], [SubsystemID], [SourceTypeID], [SourceID], [EntityTypeID], [OperationID], [IsEnabled])
    VALUES (191, 2, 3, 12, NULL, 1, 1)
INSERT INTO [Config].[LogSetting] ([LogSettingID], [SubsystemID], [SourceTypeID], [SourceID], [EntityTypeID], [OperationID], [IsEnabled])
    VALUES (192, 2, 3, 12, NULL, 5, 1)
INSERT INTO [Config].[LogSetting] ([LogSettingID], [SubsystemID], [SourceTypeID], [SourceID], [EntityTypeID], [OperationID], [IsEnabled])
    VALUES (193, 2, 3, 12, NULL, 6, 1)
INSERT INTO [Config].[LogSetting] ([LogSettingID], [SubsystemID], [SourceTypeID], [SourceID], [EntityTypeID], [OperationID], [IsEnabled])
    VALUES (194, 2, 3, 12, NULL, 54, 1)
INSERT INTO [Config].[LogSetting] ([LogSettingID], [SubsystemID], [SourceTypeID], [SourceID], [EntityTypeID], [OperationID], [IsEnabled])
    VALUES (195, 2, 3, 12, NULL, 58, 1)
INSERT INTO [Config].[LogSetting] ([LogSettingID], [SubsystemID], [SourceTypeID], [SourceID], [EntityTypeID], [OperationID], [IsEnabled])
    VALUES (196, 2, 3, 13, NULL, 1, 1)
INSERT INTO [Config].[LogSetting] ([LogSettingID], [SubsystemID], [SourceTypeID], [SourceID], [EntityTypeID], [OperationID], [IsEnabled])
    VALUES (197, 2, 3, 13, NULL, 5, 1)
INSERT INTO [Config].[LogSetting] ([LogSettingID], [SubsystemID], [SourceTypeID], [SourceID], [EntityTypeID], [OperationID], [IsEnabled])
    VALUES (198, 2, 3, 13, NULL, 6, 1)
INSERT INTO [Config].[LogSetting] ([LogSettingID], [SubsystemID], [SourceTypeID], [SourceID], [EntityTypeID], [OperationID], [IsEnabled])
    VALUES (199, 2, 3, 13, NULL, 54, 1)
INSERT INTO [Config].[LogSetting] ([LogSettingID], [SubsystemID], [SourceTypeID], [SourceID], [EntityTypeID], [OperationID], [IsEnabled])
    VALUES (200, 2, 3, 13, NULL, 58, 1)
INSERT INTO [Config].[LogSetting] ([LogSettingID], [SubsystemID], [SourceTypeID], [SourceID], [EntityTypeID], [OperationID], [IsEnabled])
    VALUES (201, 3, 2, NULL, 21, 1, 1)
INSERT INTO [Config].[LogSetting] ([LogSettingID], [SubsystemID], [SourceTypeID], [SourceID], [EntityTypeID], [OperationID], [IsEnabled])
    VALUES (202, 3, 2, NULL, 21, 2, 1)
INSERT INTO [Config].[LogSetting] ([LogSettingID], [SubsystemID], [SourceTypeID], [SourceID], [EntityTypeID], [OperationID], [IsEnabled])
    VALUES (203, 3, 2, NULL, 21, 3, 1)
INSERT INTO [Config].[LogSetting] ([LogSettingID], [SubsystemID], [SourceTypeID], [SourceID], [EntityTypeID], [OperationID], [IsEnabled])
    VALUES (204, 3, 2, NULL, 21, 4, 1)
INSERT INTO [Config].[LogSetting] ([LogSettingID], [SubsystemID], [SourceTypeID], [SourceID], [EntityTypeID], [OperationID], [IsEnabled])
    VALUES (205, 3, 2, NULL, 21, 5, 1)
INSERT INTO [Config].[LogSetting] ([LogSettingID], [SubsystemID], [SourceTypeID], [SourceID], [EntityTypeID], [OperationID], [IsEnabled])
    VALUES (206, 3, 2, NULL, 21, 6, 1)
INSERT INTO [Config].[LogSetting] ([LogSettingID], [SubsystemID], [SourceTypeID], [SourceID], [EntityTypeID], [OperationID], [IsEnabled])
    VALUES (207, 3, 2, NULL, 21, 58, 1)
INSERT INTO [Config].[LogSetting] ([LogSettingID], [SubsystemID], [SourceTypeID], [SourceID], [EntityTypeID], [OperationID], [IsEnabled])
    VALUES (208, 3, 2, NULL, 21, 60, 1)
INSERT INTO [Config].[LogSetting] ([LogSettingID], [SubsystemID], [SourceTypeID], [SourceID], [EntityTypeID], [OperationID], [IsEnabled])
    VALUES (209, 3, 2, NULL, 21, 61, 1)
INSERT INTO [Config].[LogSetting] ([LogSettingID], [SubsystemID], [SourceTypeID], [SourceID], [EntityTypeID], [OperationID], [IsEnabled])
    VALUES (210, 3, 2, NULL, 21, 62, 1)
INSERT INTO [Config].[LogSetting] ([LogSettingID], [SubsystemID], [SourceTypeID], [SourceID], [EntityTypeID], [OperationID], [IsEnabled])
    VALUES (211, 3, 2, NULL, 21, 63, 1)
INSERT INTO [Config].[LogSetting] ([LogSettingID], [SubsystemID], [SourceTypeID], [SourceID], [EntityTypeID], [OperationID], [IsEnabled])
    VALUES (212, 3, 2, NULL, 21, 64, 1)
INSERT INTO [Config].[LogSetting] ([LogSettingID], [SubsystemID], [SourceTypeID], [SourceID], [EntityTypeID], [OperationID], [IsEnabled])
    VALUES (213, 3, 2, NULL, 21, 65, 1)
INSERT INTO [Config].[LogSetting] ([LogSettingID], [SubsystemID], [SourceTypeID], [SourceID], [EntityTypeID], [OperationID], [IsEnabled])
    VALUES (214, 3, 1, NULL, 22, 1, 1)
INSERT INTO [Config].[LogSetting] ([LogSettingID], [SubsystemID], [SourceTypeID], [SourceID], [EntityTypeID], [OperationID], [IsEnabled])
    VALUES (215, 3, 1, NULL, 22, 2, 1)
INSERT INTO [Config].[LogSetting] ([LogSettingID], [SubsystemID], [SourceTypeID], [SourceID], [EntityTypeID], [OperationID], [IsEnabled])
    VALUES (216, 3, 1, NULL, 22, 3, 1)
INSERT INTO [Config].[LogSetting] ([LogSettingID], [SubsystemID], [SourceTypeID], [SourceID], [EntityTypeID], [OperationID], [IsEnabled])
    VALUES (217, 3, 1, NULL, 22, 4, 1)
INSERT INTO [Config].[LogSetting] ([LogSettingID], [SubsystemID], [SourceTypeID], [SourceID], [EntityTypeID], [OperationID], [IsEnabled])
    VALUES (218, 3, 1, NULL, 22, 5, 1)
INSERT INTO [Config].[LogSetting] ([LogSettingID], [SubsystemID], [SourceTypeID], [SourceID], [EntityTypeID], [OperationID], [IsEnabled])
    VALUES (219, 3, 1, NULL, 22, 6, 1)
INSERT INTO [Config].[LogSetting] ([LogSettingID], [SubsystemID], [SourceTypeID], [SourceID], [EntityTypeID], [OperationID], [IsEnabled])
    VALUES (220, 3, 1, NULL, 22, 21, 1)
INSERT INTO [Config].[LogSetting] ([LogSettingID], [SubsystemID], [SourceTypeID], [SourceID], [EntityTypeID], [OperationID], [IsEnabled])
    VALUES (221, 3, 1, NULL, 22, 54, 1)
INSERT INTO [Config].[LogSetting] ([LogSettingID], [SubsystemID], [SourceTypeID], [SourceID], [EntityTypeID], [OperationID], [IsEnabled])
    VALUES (222, 3, 1, NULL, 22, 58, 1)
INSERT INTO [Config].[LogSetting] ([LogSettingID], [SubsystemID], [SourceTypeID], [SourceID], [EntityTypeID], [OperationID], [IsEnabled])
    VALUES (223, 3, 1, NULL, 22, 66, 1)
SET IDENTITY_INSERT [Config].[LogSetting] OFF
