USE [NGTadbir]
GO

SET IDENTITY_INSERT [Corporate].[Branch] ON
INSERT INTO [Corporate].[Branch] (BranchID, CompanyID, Name, [Level]) VALUES (1, 1, N'دفتر مرکزی', 0)
INSERT INTO [Corporate].[Branch] (BranchID, CompanyID, Name, [Level]) VALUES (2, 1, N'نمایشگاه تهران', 0)
SET IDENTITY_INSERT [Corporate].[Branch] OFF

SET IDENTITY_INSERT [Finance].[FiscalPeriod] ON
INSERT INTO [Finance].[FiscalPeriod] (FiscalPeriodID, CompanyID, Name, StartDate, EndDate) VALUES (1, 1, N'سال مالی 1397', N'2018-03-21', N'2019-03-20')
INSERT INTO [Finance].[FiscalPeriod] (FiscalPeriodID, CompanyID, Name, StartDate, EndDate) VALUES (2, 1, N'سال مالی 1398', N'2019-03-21', N'2020-03-20')
SET IDENTITY_INSERT [Finance].[FiscalPeriod] OFF

SET IDENTITY_INSERT [Auth].[RoleBranch] ON
INSERT INTO [Auth].[RoleBranch] (RoleBranchID, RoleID, BranchID) VALUES (1, 1, 1)
INSERT INTO [Auth].[RoleBranch] (RoleBranchID, RoleID, BranchID) VALUES (2, 2, 1)
INSERT INTO [Auth].[RoleBranch] (RoleBranchID, RoleID, BranchID) VALUES (3, 3, 1)
INSERT INTO [Auth].[RoleBranch] (RoleBranchID, RoleID, BranchID) VALUES (4, 4, 1)
INSERT INTO [Auth].[RoleBranch] (RoleBranchID, RoleID, BranchID) VALUES (5, 5, 1)
INSERT INTO [Auth].[RoleBranch] (RoleBranchID, RoleID, BranchID) VALUES (6, 1, 2)
INSERT INTO [Auth].[RoleBranch] (RoleBranchID, RoleID, BranchID) VALUES (7, 2, 2)
INSERT INTO [Auth].[RoleBranch] (RoleBranchID, RoleID, BranchID) VALUES (8, 3, 2)
INSERT INTO [Auth].[RoleBranch] (RoleBranchID, RoleID, BranchID) VALUES (9, 4, 2)
INSERT INTO [Auth].[RoleBranch] (RoleBranchID, RoleID, BranchID) VALUES (10, 5, 2)
SET IDENTITY_INSERT [Auth].[RoleBranch] OFF

SET IDENTITY_INSERT [Auth].[RoleFiscalPeriod] ON
INSERT INTO [Auth].[RoleFiscalPeriod] (RoleFiscalPeriodID, RoleID, FiscalPeriodID) VALUES (1, 1, 1)
INSERT INTO [Auth].[RoleFiscalPeriod] (RoleFiscalPeriodID, RoleID, FiscalPeriodID) VALUES (2, 2, 1)
INSERT INTO [Auth].[RoleFiscalPeriod] (RoleFiscalPeriodID, RoleID, FiscalPeriodID) VALUES (3, 3, 1)
INSERT INTO [Auth].[RoleFiscalPeriod] (RoleFiscalPeriodID, RoleID, FiscalPeriodID) VALUES (4, 4, 1)
INSERT INTO [Auth].[RoleFiscalPeriod] (RoleFiscalPeriodID, RoleID, FiscalPeriodID) VALUES (5, 5, 1)
INSERT INTO [Auth].[RoleFiscalPeriod] (RoleFiscalPeriodID, RoleID, FiscalPeriodID) VALUES (6, 1, 2)
INSERT INTO [Auth].[RoleFiscalPeriod] (RoleFiscalPeriodID, RoleID, FiscalPeriodID) VALUES (7, 2, 2)
INSERT INTO [Auth].[RoleFiscalPeriod] (RoleFiscalPeriodID, RoleID, FiscalPeriodID) VALUES (8, 3, 2)
INSERT INTO [Auth].[RoleFiscalPeriod] (RoleFiscalPeriodID, RoleID, FiscalPeriodID) VALUES (9, 4, 2)
INSERT INTO [Auth].[RoleFiscalPeriod] (RoleFiscalPeriodID, RoleID, FiscalPeriodID) VALUES (10,5, 2)
SET IDENTITY_INSERT [Auth].[RoleFiscalPeriod] OFF

SET IDENTITY_INSERT [Finance].[Currency] ON
INSERT INTO [Finance].[Currency] ([Name],[Country],[Code],[MinorUnit]) VALUES(N'CUnit_IranianRial', N'Country_Iran', N'IRR', N'CMUnit_Dinar')
SET IDENTITY_INSERT [Finance].[Currency] OFF

-- Insert suggested account coding...
SET IDENTITY_INSERT [Finance].[Account] ON
INSERT INTO [Finance].[Account] (AccountID, ParentID, GroupID, FiscalPeriodID, BranchID, BranchScope, Code, FullCode, Name, [Level])
    VALUES (101, NULL, 1, 1, 1, 0, N'111', N'111', N'وجوه نقد', 0)
INSERT INTO [Finance].[Account] (AccountID, ParentID, GroupID, FiscalPeriodID, BranchID, BranchScope, Code, FullCode, Name, [Level])
    VALUES (102, 101, 1, 1, 1, 0, N'001', N'111001', N'صندوقها', 1)
INSERT INTO [Finance].[Account] (AccountID, ParentID, GroupID, FiscalPeriodID, BranchID, BranchScope, Code, FullCode, Name, [Level])
    VALUES (103, 102, 1, 1, 1, 0, N'0001', N'1110010001', N'صندوق', 2)
INSERT INTO [Finance].[Account] (AccountID, ParentID, GroupID, FiscalPeriodID, BranchID, BranchScope, Code, FullCode, Name, [Level])
    VALUES (104, 101, 1, 1, 1, 0, N'002', N'111002', N'تنخواه گردانها', 1)
INSERT INTO [Finance].[Account] (AccountID, ParentID, GroupID, FiscalPeriodID, BranchID, BranchScope, Code, FullCode, Name, [Level])
    VALUES (105, 101, 1, 1, 1, 0, N'003', N'111003', N'وجوه در راه', 1)
INSERT INTO [Finance].[Account] (AccountID, ParentID, GroupID, FiscalPeriodID, BranchID, BranchScope, Code, FullCode, Name, [Level])
    VALUES (106, NULL, 1, 1, 1, 0, N'112', N'112', N'موجودى نزد بانكها', 0)
INSERT INTO [Finance].[Account] (AccountID, ParentID, GroupID, FiscalPeriodID, BranchID, BranchScope, Code, FullCode, Name, [Level])
    VALUES (107, 106, 1, 1, 1, 0, N'001', N'112001', N'بانك ملى', 1)
INSERT INTO [Finance].[Account] (AccountID, ParentID, GroupID, FiscalPeriodID, BranchID, BranchScope, Code, FullCode, Name, [Level])
    VALUES (108, 106, 1, 1, 1, 0, N'002', N'112002', N'بانك صادرات', 1)
INSERT INTO [Finance].[Account] (AccountID, ParentID, GroupID, FiscalPeriodID, BranchID, BranchScope, Code, FullCode, Name, [Level])
    VALUES (109, 106, 1, 1, 1, 0, N'003', N'112003', N'بانك تجارت', 1)
INSERT INTO [Finance].[Account] (AccountID, ParentID, GroupID, FiscalPeriodID, BranchID, BranchScope, Code, FullCode, Name, [Level])
    VALUES (110, 106, 1, 1, 1, 0, N'004', N'112004', N'بانك ملت', 1)
INSERT INTO [Finance].[Account] (AccountID, ParentID, GroupID, FiscalPeriodID, BranchID, BranchScope, Code, FullCode, Name, [Level])
    VALUES (111, 106, 1, 1, 1, 0, N'005', N'112005', N'بانك سپه', 1)
INSERT INTO [Finance].[Account] (AccountID, ParentID, GroupID, FiscalPeriodID, BranchID, BranchScope, Code, FullCode, Name, [Level])
    VALUES (112, 106, 1, 1, 1, 0, N'006', N'112006', N'بانك مسكن', 1)
INSERT INTO [Finance].[Account] (AccountID, ParentID, GroupID, FiscalPeriodID, BranchID, BranchScope, Code, FullCode, Name, [Level])
    VALUES (113, 106, 1, 1, 1, 0, N'007', N'112007', N'بانك رفاه كارگران', 1)
INSERT INTO [Finance].[Account] (AccountID, ParentID, GroupID, FiscalPeriodID, BranchID, BranchScope, Code, FullCode, Name, [Level])
    VALUES (114, 106, 1, 1, 1, 0, N'008', N'112008', N'بانك كشاورزى', 1)
INSERT INTO [Finance].[Account] (AccountID, ParentID, GroupID, FiscalPeriodID, BranchID, BranchScope, Code, FullCode, Name, [Level])
    VALUES (115, 106, 1, 1, 1, 0, N'009', N'112009', N'بانک پاسارگاد', 1)
INSERT INTO [Finance].[Account] (AccountID, ParentID, GroupID, FiscalPeriodID, BranchID, BranchScope, Code, FullCode, Name, [Level])
    VALUES (116, 106, 1, 1, 1, 0, N'010', N'112010', N'بانک پارسیان', 1)
INSERT INTO [Finance].[Account] (AccountID, ParentID, GroupID, FiscalPeriodID, BranchID, BranchScope, Code, FullCode, Name, [Level])
    VALUES (117, 106, 1, 1, 1, 0, N'011', N'112011', N'بانک شهر', 1)
INSERT INTO [Finance].[Account] (AccountID, ParentID, GroupID, FiscalPeriodID, BranchID, BranchScope, Code, FullCode, Name, [Level])
    VALUES (118, 106, 1, 1, 1, 0, N'012', N'112012', N'بانک اقتصاد نوین', 1)
INSERT INTO [Finance].[Account] (AccountID, ParentID, GroupID, FiscalPeriodID, BranchID, BranchScope, Code, FullCode, Name, [Level])
    VALUES (119, NULL, 1, 1, 1, 0, N'113', N'113', N'سرمايه گذاريهاى كوتاه مدت', 0)
INSERT INTO [Finance].[Account] (AccountID, ParentID, GroupID, FiscalPeriodID, BranchID, BranchScope, Code, FullCode, Name, [Level])
    VALUES (120, NULL, 1, 1, 1, 0, N'114', N'114', N'اسناد دريافتنى', 0)
INSERT INTO [Finance].[Account] (AccountID, ParentID, GroupID, FiscalPeriodID, BranchID, BranchScope, Code, FullCode, Name, [Level])
    VALUES (121, 120, 1, 1, 1, 0, N'001', N'114001', N'اسناد دريافتنى', 1)
INSERT INTO [Finance].[Account] (AccountID, ParentID, GroupID, FiscalPeriodID, BranchID, BranchScope, Code, FullCode, Name, [Level])
    VALUES (122, 120, 1, 1, 1, 0, N'002', N'114002', N'اسناد در جريان وصول', 1)
INSERT INTO [Finance].[Account] (AccountID, ParentID, GroupID, FiscalPeriodID, BranchID, BranchScope, Code, FullCode, Name, [Level])
    VALUES (123, 120, 1, 1, 1, 0, N'003', N'114003', N'اسناد برگشتى', 1)
INSERT INTO [Finance].[Account] (AccountID, ParentID, GroupID, FiscalPeriodID, BranchID, BranchScope, Code, FullCode, Name, [Level])
    VALUES (124, NULL, 1, 1, 1, 0, N'115', N'115', N'حسابهاى دريافتنى', 0)
INSERT INTO [Finance].[Account] (AccountID, ParentID, GroupID, FiscalPeriodID, BranchID, BranchScope, Code, FullCode, Name, [Level])
    VALUES (125, 124, 1, 1, 1, 0, N'001', N'115001', N'بدهكاران تجارى', 1)
INSERT INTO [Finance].[Account] (AccountID, ParentID, GroupID, FiscalPeriodID, BranchID, BranchScope, Code, FullCode, Name, [Level])
    VALUES (126, NULL, 1, 1, 1, 0, N'116', N'116', N'ساير حسابها و اسناد دريافتنى', 0)
INSERT INTO [Finance].[Account] (AccountID, ParentID, GroupID, FiscalPeriodID, BranchID, BranchScope, Code, FullCode, Name, [Level])
    VALUES (127, 126, 1, 1, 1, 0, N'001', N'116001', N'وام كاركنان', 1)
INSERT INTO [Finance].[Account] (AccountID, ParentID, GroupID, FiscalPeriodID, BranchID, BranchScope, Code, FullCode, Name, [Level])
    VALUES (128, 126, 1, 1, 1, 0, N'002', N'116002', N'مساعده كاركنان', 1)
INSERT INTO [Finance].[Account] (AccountID, ParentID, GroupID, FiscalPeriodID, BranchID, BranchScope, Code, FullCode, Name, [Level])
    VALUES (129, 126, 1, 1, 1, 0, N'003', N'116003', N'جارى كاركنان', 1)
INSERT INTO [Finance].[Account] (AccountID, ParentID, GroupID, FiscalPeriodID, BranchID, BranchScope, Code, FullCode, Name, [Level])
    VALUES (130, NULL, 1, 1, 1, 0, N'117', N'117', N'موجودى مواد و كالا', 0)
INSERT INTO [Finance].[Account] (AccountID, ParentID, GroupID, FiscalPeriodID, BranchID, BranchScope, Code, FullCode, Name, [Level])
    VALUES (131, NULL, 1, 1, 1, 0, N'118', N'118', N'سپرده ها و پيش پرداختها', 0)
INSERT INTO [Finance].[Account] (AccountID, ParentID, GroupID, FiscalPeriodID, BranchID, BranchScope, Code, FullCode, Name, [Level])
    VALUES (132, 131, 1, 1, 1, 0, N'001', N'118001', N'پيش پرداخت ماليات ارزش افزوده', 1)
INSERT INTO [Finance].[Account] (AccountID, ParentID, GroupID, FiscalPeriodID, BranchID, BranchScope, Code, FullCode, Name, [Level])
    VALUES (133, 132, 1, 1, 1, 0, N'0001', N'1180010001', N'ماليات ارزش افزوده دريافتنى', 2)
INSERT INTO [Finance].[Account] (AccountID, ParentID, GroupID, FiscalPeriodID, BranchID, BranchScope, Code, FullCode, Name, [Level])
    VALUES (134, 132, 1, 1, 1, 0, N'0002', N'1180010002', N'عوارض ارزش افزوده دريافتنى', 2)
INSERT INTO [Finance].[Account] (AccountID, ParentID, GroupID, FiscalPeriodID, BranchID, BranchScope, Code, FullCode, Name, [Level])
    VALUES (135, NULL, 1, 1, 1, 0, N'119', N'119', N'سفارشات', 0)
INSERT INTO [Finance].[Account] (AccountID, ParentID, GroupID, FiscalPeriodID, BranchID, BranchScope, Code, FullCode, Name, [Level])
    VALUES (136, NULL, 1, 1, 1, 0, N'151', N'151', N'داراييهاى ثابت مشهود', 0)
INSERT INTO [Finance].[Account] (AccountID, ParentID, GroupID, FiscalPeriodID, BranchID, BranchScope, Code, FullCode, Name, [Level])
    VALUES (137, 136, 1, 1, 1, 0, N'001', N'151001', N'ساختمانها', 1)
INSERT INTO [Finance].[Account] (AccountID, ParentID, GroupID, FiscalPeriodID, BranchID, BranchScope, Code, FullCode, Name, [Level])
    VALUES (138, 136, 1, 1, 1, 0, N'002', N'151002', N'ماشين آلات و تاسيسات', 1)
INSERT INTO [Finance].[Account] (AccountID, ParentID, GroupID, FiscalPeriodID, BranchID, BranchScope, Code, FullCode, Name, [Level])
    VALUES (139, 136, 1, 1, 1, 0, N'003', N'151003', N'وسايط نقليه', 1)
INSERT INTO [Finance].[Account] (AccountID, ParentID, GroupID, FiscalPeriodID, BranchID, BranchScope, Code, FullCode, Name, [Level])
    VALUES (140, 136, 1, 1, 1, 0, N'004', N'151004', N'اثاثه و منصوبات', 1)
INSERT INTO [Finance].[Account] (AccountID, ParentID, GroupID, FiscalPeriodID, BranchID, BranchScope, Code, FullCode, Name, [Level])
    VALUES (141, 136, 1, 1, 1, 0, N'005', N'151005', N'تجهيزات', 1)
INSERT INTO [Finance].[Account] (AccountID, ParentID, GroupID, FiscalPeriodID, BranchID, BranchScope, Code, FullCode, Name, [Level])
    VALUES (142, 136, 1, 1, 1, 0, N'006', N'151006', N'اموال انتقالى', 1)
INSERT INTO [Finance].[Account] (AccountID, ParentID, GroupID, FiscalPeriodID, BranchID, BranchScope, Code, FullCode, Name, [Level])
    VALUES (143, 136, 1, 1, 1, 0, N'007', N'151007', N'استهلاك انباشته', 1)
INSERT INTO [Finance].[Account] (AccountID, ParentID, GroupID, FiscalPeriodID, BranchID, BranchScope, Code, FullCode, Name, [Level])
    VALUES (144, NULL, 1, 1, 1, 0, N'152', N'152', N'سرمايه گذاريهاى بلند مدت', 0)
INSERT INTO [Finance].[Account] (AccountID, ParentID, GroupID, FiscalPeriodID, BranchID, BranchScope, Code, FullCode, Name, [Level])
    VALUES (145, NULL, 1, 1, 1, 0, N'153', N'153', N'ساير داراييها', 0)
INSERT INTO [Finance].[Account] (AccountID, ParentID, GroupID, FiscalPeriodID, BranchID, BranchScope, Code, FullCode, Name, [Level])
    VALUES (146, NULL, 1, 1, 1, 0, N'211', N'211', N'اسناد پرداختنى', 0)
INSERT INTO [Finance].[Account] (AccountID, ParentID, GroupID, FiscalPeriodID, BranchID, BranchScope, Code, FullCode, Name, [Level])
    VALUES (147, 146, 1, 1, 1, 0, N'001', N'211001', N'اسناد پرداختنى', 1)
INSERT INTO [Finance].[Account] (AccountID, ParentID, GroupID, FiscalPeriodID, BranchID, BranchScope, Code, FullCode, Name, [Level])
    VALUES (148, NULL, 1, 1, 1, 0, N'212', N'212', N'حسابهاى پرداختنى', 0)
INSERT INTO [Finance].[Account] (AccountID, ParentID, GroupID, FiscalPeriodID, BranchID, BranchScope, Code, FullCode, Name, [Level])
    VALUES (149, 148, 1, 1, 1, 0, N'001', N'212001', N'بستانكاران تجارى', 1)
INSERT INTO [Finance].[Account] (AccountID, ParentID, GroupID, FiscalPeriodID, BranchID, BranchScope, Code, FullCode, Name, [Level])
    VALUES (150, NULL, 1, 1, 1, 0, N'213', N'213', N'ساير حسابها و اسناد پرداختنى', 0)
INSERT INTO [Finance].[Account] (AccountID, ParentID, GroupID, FiscalPeriodID, BranchID, BranchScope, Code, FullCode, Name, [Level])
    VALUES (151, 150, 1, 1, 1, 0, N'001', N'213001', N'بيمه پرداختنى', 1)
INSERT INTO [Finance].[Account] (AccountID, ParentID, GroupID, FiscalPeriodID, BranchID, BranchScope, Code, FullCode, Name, [Level])
    VALUES (152, 151, 1, 1, 1, 0, N'0001', N'2130010001', N'بيمه تامين اجتماعى شعبه ....', 2)
INSERT INTO [Finance].[Account] (AccountID, ParentID, GroupID, FiscalPeriodID, BranchID, BranchScope, Code, FullCode, Name, [Level])
    VALUES (153, 150, 1, 1, 1, 0, N'002', N'213002', N'ماليات پرداختنى', 1)
INSERT INTO [Finance].[Account] (AccountID, ParentID, GroupID, FiscalPeriodID, BranchID, BranchScope, Code, FullCode, Name, [Level])
    VALUES (154, 153, 1, 1, 1, 0, N'0001', N'2130020001', N'ماليات حقوق', 2)
INSERT INTO [Finance].[Account] (AccountID, ParentID, GroupID, FiscalPeriodID, BranchID, BranchScope, Code, FullCode, Name, [Level])
    VALUES (155, 153, 1, 1, 1, 0, N'0002', N'2130020002', N'ماليات عملكرد', 2)
INSERT INTO [Finance].[Account] (AccountID, ParentID, GroupID, FiscalPeriodID, BranchID, BranchScope, Code, FullCode, Name, [Level])
    VALUES (156, 153, 1, 1, 1, 0, N'0003', N'2130020003', N'ماليات تكليفى', 2)
INSERT INTO [Finance].[Account] (AccountID, ParentID, GroupID, FiscalPeriodID, BranchID, BranchScope, Code, FullCode, Name, [Level])
    VALUES (157, 153, 1, 1, 1, 0, N'0004', N'2130020004', N'ماليات ارزش افزوده پرداختنى', 2)
INSERT INTO [Finance].[Account] (AccountID, ParentID, GroupID, FiscalPeriodID, BranchID, BranchScope, Code, FullCode, Name, [Level])
    VALUES (158, 153, 1, 1, 1, 0, N'0005', N'2130020005', N'عوارض ارزش افزوده پرداختنى', 2)
INSERT INTO [Finance].[Account] (AccountID, ParentID, GroupID, FiscalPeriodID, BranchID, BranchScope, Code, FullCode, Name, [Level])
    VALUES (159, 150, 1, 1, 1, 0, N'003', N'213003', N'حقوق پرداختنى', 1)
INSERT INTO [Finance].[Account] (AccountID, ParentID, GroupID, FiscalPeriodID, BranchID, BranchScope, Code, FullCode, Name, [Level])
    VALUES (160, NULL, 1, 1, 1, 0, N'214', N'214', N'پيش دريافتها', 0)
INSERT INTO [Finance].[Account] (AccountID, ParentID, GroupID, FiscalPeriodID, BranchID, BranchScope, Code, FullCode, Name, [Level])
    VALUES (161, NULL, 1, 1, 1, 0, N'215', N'215', N'ذخيره ماليات', 0)
INSERT INTO [Finance].[Account] (AccountID, ParentID, GroupID, FiscalPeriodID, BranchID, BranchScope, Code, FullCode, Name, [Level])
    VALUES (162, NULL, 1, 1, 1, 0, N'216', N'216', N'سود سهام پيشنهادى و پرداختنى', 0)
INSERT INTO [Finance].[Account] (AccountID, ParentID, GroupID, FiscalPeriodID, BranchID, BranchScope, Code, FullCode, Name, [Level])
    VALUES (163, NULL, 1, 1, 1, 0, N'217', N'217', N'تسهيلات و اعتبارات مالى دريافتى', 0)
INSERT INTO [Finance].[Account] (AccountID, ParentID, GroupID, FiscalPeriodID, BranchID, BranchScope, Code, FullCode, Name, [Level])
    VALUES (164, NULL, 1, 1, 1, 0, N'251', N'251', N'اسناد پرداختنى بلند مدت', 0)
INSERT INTO [Finance].[Account] (AccountID, ParentID, GroupID, FiscalPeriodID, BranchID, BranchScope, Code, FullCode, Name, [Level])
    VALUES (165, NULL, 1, 1, 1, 0, N'252', N'252', N'حسابهاى پرداختنى بلند مدت', 0)
INSERT INTO [Finance].[Account] (AccountID, ParentID, GroupID, FiscalPeriodID, BranchID, BranchScope, Code, FullCode, Name, [Level])
    VALUES (166, NULL, 1, 1, 1, 0, N'253', N'253', N'تسهيلات مالى دريافتى بلند مدت', 0)
INSERT INTO [Finance].[Account] (AccountID, ParentID, GroupID, FiscalPeriodID, BranchID, BranchScope, Code, FullCode, Name, [Level])
    VALUES (167, NULL, 1, 1, 1, 0, N'254', N'254', N'ذخيره مزاياى پايان خدمت كاركنان', 0)
INSERT INTO [Finance].[Account] (AccountID, ParentID, GroupID, FiscalPeriodID, BranchID, BranchScope, Code, FullCode, Name, [Level])
    VALUES (168, NULL, 1, 1, 1, 0, N'311', N'311', N'سرمايه', 0)
INSERT INTO [Finance].[Account] (AccountID, ParentID, GroupID, FiscalPeriodID, BranchID, BranchScope, Code, FullCode, Name, [Level])
    VALUES (169, NULL, 1, 1, 1, 0, N'312', N'312', N'اندوخته قانونى', 0)
INSERT INTO [Finance].[Account] (AccountID, ParentID, GroupID, FiscalPeriodID, BranchID, BranchScope, Code, FullCode, Name, [Level])
    VALUES (170, NULL, 1, 1, 1, 0, N'313', N'313', N'ساير اندوخته ها', 0)
INSERT INTO [Finance].[Account] (AccountID, ParentID, GroupID, FiscalPeriodID, BranchID, BranchScope, Code, FullCode, Name, [Level])
    VALUES (171, NULL, 1, 1, 1, 0, N'314', N'314', N'مازاد تجديد ارزيابى داراييهاى ثابت', 0)
INSERT INTO [Finance].[Account] (AccountID, ParentID, GroupID, FiscalPeriodID, BranchID, BranchScope, Code, FullCode, Name, [Level])
    VALUES (172, NULL, 1, 1, 1, 0, N'315', N'315', N'سود( زيان )انباشته', 0)
INSERT INTO [Finance].[Account] (AccountID, ParentID, GroupID, FiscalPeriodID, BranchID, BranchScope, Code, FullCode, Name, [Level])
    VALUES (173, NULL, 1, 1, 1, 0, N'411', N'411', N'فروش', 0)
INSERT INTO [Finance].[Account] (AccountID, ParentID, GroupID, FiscalPeriodID, BranchID, BranchScope, Code, FullCode, Name, [Level])
    VALUES (174, 173, 1, 1, 1, 0, N'001', N'411001', N'فروش', 1)
INSERT INTO [Finance].[Account] (AccountID, ParentID, GroupID, FiscalPeriodID, BranchID, BranchScope, Code, FullCode, Name, [Level])
    VALUES (175, NULL, 1, 1, 1, 0, N'412', N'412', N'برگشت از فروش و تخفيفات', 0)
INSERT INTO [Finance].[Account] (AccountID, ParentID, GroupID, FiscalPeriodID, BranchID, BranchScope, Code, FullCode, Name, [Level])
    VALUES (176, 175, 1, 1, 1, 0, N'001', N'412001', N'برگشت از فروش', 1)
INSERT INTO [Finance].[Account] (AccountID, ParentID, GroupID, FiscalPeriodID, BranchID, BranchScope, Code, FullCode, Name, [Level])
    VALUES (177, 175, 1, 1, 1, 0, N'002', N'412002', N'تخفيفات فروش', 1)
INSERT INTO [Finance].[Account] (AccountID, ParentID, GroupID, FiscalPeriodID, BranchID, BranchScope, Code, FullCode, Name, [Level])
    VALUES (178, NULL, 1, 1, 1, 0, N'451', N'451', N'ساير درآمدها', 0)
INSERT INTO [Finance].[Account] (AccountID, ParentID, GroupID, FiscalPeriodID, BranchID, BranchScope, Code, FullCode, Name, [Level])
    VALUES (179, 178, 1, 1, 1, 0, N'001', N'451001', N'سود سپرده بانكى', 1)
INSERT INTO [Finance].[Account] (AccountID, ParentID, GroupID, FiscalPeriodID, BranchID, BranchScope, Code, FullCode, Name, [Level])
    VALUES (180, 178, 1, 1, 1, 0, N'002', N'451002', N'درآمد متفرقه', 1)
INSERT INTO [Finance].[Account] (AccountID, ParentID, GroupID, FiscalPeriodID, BranchID, BranchScope, Code, FullCode, Name, [Level])
    VALUES (181, NULL, 1, 1, 1, 0, N'452', N'452', N'سود و زيان عمليات اموال', 0)
INSERT INTO [Finance].[Account] (AccountID, ParentID, GroupID, FiscalPeriodID, BranchID, BranchScope, Code, FullCode, Name, [Level])
    VALUES (182, NULL, 1, 1, 1, 0, N'551', N'551', N'قيمت تمام شده كالاى فروش رفته', 0)
INSERT INTO [Finance].[Account] (AccountID, ParentID, GroupID, FiscalPeriodID, BranchID, BranchScope, Code, FullCode, Name, [Level])
    VALUES (183, NULL, 1, 1, 1, 0, N'552', N'552', N'كنترل دستمزد و سربار', 0)
INSERT INTO [Finance].[Account] (AccountID, ParentID, GroupID, FiscalPeriodID, BranchID, BranchScope, Code, FullCode, Name, [Level])
    VALUES (184, 183, 1, 1, 1, 0, N'001', N'552001', N'كنترل دستمزد', 1)
INSERT INTO [Finance].[Account] (AccountID, ParentID, GroupID, FiscalPeriodID, BranchID, BranchScope, Code, FullCode, Name, [Level])
    VALUES (185, 183, 1, 1, 1, 0, N'002', N'552002', N'كنترل سربار', 1)
INSERT INTO [Finance].[Account] (AccountID, ParentID, GroupID, FiscalPeriodID, BranchID, BranchScope, Code, FullCode, Name, [Level])
    VALUES (186, NULL, 1, 1, 1, 0, N'610', N'610', N'هزينه هاى عمومى و اداری', 0)
INSERT INTO [Finance].[Account] (AccountID, ParentID, GroupID, FiscalPeriodID, BranchID, BranchScope, Code, FullCode, Name, [Level])
    VALUES (187, 186, 1, 1, 1, 0, N'001', N'610001', N'هزینه آبدارخانه و پذيرايى', 1)
INSERT INTO [Finance].[Account] (AccountID, ParentID, GroupID, FiscalPeriodID, BranchID, BranchScope, Code, FullCode, Name, [Level])
    VALUES (188, 186, 1, 1, 1, 0, N'002', N'610002', N'هزینه اياب و ذهاب', 1)
INSERT INTO [Finance].[Account] (AccountID, ParentID, GroupID, FiscalPeriodID, BranchID, BranchScope, Code, FullCode, Name, [Level])
    VALUES (189, 186, 1, 1, 1, 0, N'003', N'610003', N'هزینه ملزومات مصرفى', 1)
INSERT INTO [Finance].[Account] (AccountID, ParentID, GroupID, FiscalPeriodID, BranchID, BranchScope, Code, FullCode, Name, [Level])
    VALUES (190, 186, 1, 1, 1, 0, N'004', N'610004', N'هزینه پيك و آژانس', 1)
INSERT INTO [Finance].[Account] (AccountID, ParentID, GroupID, FiscalPeriodID, BranchID, BranchScope, Code, FullCode, Name, [Level])
    VALUES (191, 186, 1, 1, 1, 0, N'005', N'610005', N'هزینه شارژ ماهيانه', 1)
INSERT INTO [Finance].[Account] (AccountID, ParentID, GroupID, FiscalPeriodID, BranchID, BranchScope, Code, FullCode, Name, [Level])
    VALUES (192, 186, 1, 1, 1, 0, N'006', N'610006', N'هزینه تعمير و نگهدارى اثاثه و تجهيزات ادارى', 1)
INSERT INTO [Finance].[Account] (AccountID, ParentID, GroupID, FiscalPeriodID, BranchID, BranchScope, Code, FullCode, Name, [Level])
    VALUES (193, 186, 1, 1, 1, 0, N'007', N'610007', N'هزینه استهلاك اثاثه و تجهيزات ادارى', 1)
INSERT INTO [Finance].[Account] (AccountID, ParentID, GroupID, FiscalPeriodID, BranchID, BranchScope, Code, FullCode, Name, [Level])
    VALUES (194, NULL, 1, 1, 1, 0, N'611', N'611', N'هزينه هاى حقوق و دستمزد', 0)
INSERT INTO [Finance].[Account] (AccountID, ParentID, GroupID, FiscalPeriodID, BranchID, BranchScope, Code, FullCode, Name, [Level])
    VALUES (195, 194, 1, 1, 1, 0, N'001', N'611001', N'هزینه حقوق پايه', 1)
INSERT INTO [Finance].[Account] (AccountID, ParentID, GroupID, FiscalPeriodID, BranchID, BranchScope, Code, FullCode, Name, [Level])
    VALUES (196, 194, 1, 1, 1, 0, N'002', N'611002', N'هزینه اضافه كارى', 1)
INSERT INTO [Finance].[Account] (AccountID, ParentID, GroupID, FiscalPeriodID, BranchID, BranchScope, Code, FullCode, Name, [Level])
    VALUES (197, 194, 1, 1, 1, 0, N'003', N'611003', N'هزینه حق مسكن و خواربار', 1)
INSERT INTO [Finance].[Account] (AccountID, ParentID, GroupID, FiscalPeriodID, BranchID, BranchScope, Code, FullCode, Name, [Level])
    VALUES (198, 194, 1, 1, 1, 0, N'004', N'611004', N'هزینه حق بن', 1)
INSERT INTO [Finance].[Account] (AccountID, ParentID, GroupID, FiscalPeriodID, BranchID, BranchScope, Code, FullCode, Name, [Level])
    VALUES (199, 194, 1, 1, 1, 0, N'005', N'611005', N'هزینه حق اولاد', 1)
INSERT INTO [Finance].[Account] (AccountID, ParentID, GroupID, FiscalPeriodID, BranchID, BranchScope, Code, FullCode, Name, [Level])
    VALUES (200, 194, 1, 1, 1, 0, N'006', N'611006', N'هزینه بيمه سهم كارفرما', 1)
INSERT INTO [Finance].[Account] (AccountID, ParentID, GroupID, FiscalPeriodID, BranchID, BranchScope, Code, FullCode, Name, [Level])
    VALUES (201, 194, 1, 1, 1, 0, N'007', N'611007', N'هزینه عيدى', 1)
INSERT INTO [Finance].[Account] (AccountID, ParentID, GroupID, FiscalPeriodID, BranchID, BranchScope, Code, FullCode, Name, [Level])
    VALUES (202, 194, 1, 1, 1, 0, N'008', N'611008', N'هزینه سنوات', 1)
INSERT INTO [Finance].[Account] (AccountID, ParentID, GroupID, FiscalPeriodID, BranchID, BranchScope, Code, FullCode, Name, [Level])
    VALUES (203, 194, 1, 1, 1, 0, N'009', N'611009', N'هزینه بازخريد مرخصى', 1)
INSERT INTO [Finance].[Account] (AccountID, ParentID, GroupID, FiscalPeriodID, BranchID, BranchScope, Code, FullCode, Name, [Level])
    VALUES (204, 194, 1, 1, 1, 0, N'010', N'611010', N'هزینه پاداش', 1)
INSERT INTO [Finance].[Account] (AccountID, ParentID, GroupID, FiscalPeriodID, BranchID, BranchScope, Code, FullCode, Name, [Level])
    VALUES (205, 194, 1, 1, 1, 0, N'011', N'611011', N'هزینه كسركار', 1)
INSERT INTO [Finance].[Account] (AccountID, ParentID, GroupID, FiscalPeriodID, BranchID, BranchScope, Code, FullCode, Name, [Level])
    VALUES (206, NULL, 1, 1, 1, 0, N'612', N'612', N'هزينه هاى عملياتى', 0)
INSERT INTO [Finance].[Account] (AccountID, ParentID, GroupID, FiscalPeriodID, BranchID, BranchScope, Code, FullCode, Name, [Level])
    VALUES (207, 206, 1, 1, 1, 0, N'001', N'612001', N'هزینه تعمير و نگهدارى ماشين آلات', 1)
INSERT INTO [Finance].[Account] (AccountID, ParentID, GroupID, FiscalPeriodID, BranchID, BranchScope, Code, FullCode, Name, [Level])
    VALUES (208, 206, 1, 1, 1, 0, N'002', N'612002', N'هزینه استهلاك ماشين آلات', 1)
INSERT INTO [Finance].[Account] (AccountID, ParentID, GroupID, FiscalPeriodID, BranchID, BranchScope, Code, FullCode, Name, [Level])
    VALUES (209, NULL, 1, 1, 1, 0, N'613', N'613', N'هزينه هاى توزيع و فروش', 0)
INSERT INTO [Finance].[Account] (AccountID, ParentID, GroupID, FiscalPeriodID, BranchID, BranchScope, Code, FullCode, Name, [Level])
    VALUES (210, 209, 1, 1, 1, 0, N'001', N'613001', N'هزینه هدايا و كمكها', 1)
INSERT INTO [Finance].[Account] (AccountID, ParentID, GroupID, FiscalPeriodID, BranchID, BranchScope, Code, FullCode, Name, [Level])
    VALUES (211, 209, 1, 1, 1, 0, N'002', N'613002', N'هزینه چاپ و تبليغات', 1)
INSERT INTO [Finance].[Account] (AccountID, ParentID, GroupID, FiscalPeriodID, BranchID, BranchScope, Code, FullCode, Name, [Level])
    VALUES (212, 209, 1, 1, 1, 0, N'003', N'613003', N'هزینه پورسانت فروش', 1)
INSERT INTO [Finance].[Account] (AccountID, ParentID, GroupID, FiscalPeriodID, BranchID, BranchScope, Code, FullCode, Name, [Level])
    VALUES (213, NULL, 1, 1, 1, 0, N'614', N'614', N'هزينه هاى مالى', 0)
INSERT INTO [Finance].[Account] (AccountID, ParentID, GroupID, FiscalPeriodID, BranchID, BranchScope, Code, FullCode, Name, [Level])
    VALUES (214, 213, 1, 1, 1, 0, N'001', N'614001', N'هزينه بهره تسهيلات بانكى', 1)
INSERT INTO [Finance].[Account] (AccountID, ParentID, GroupID, FiscalPeriodID, BranchID, BranchScope, Code, FullCode, Name, [Level])
    VALUES (215, 213, 1, 1, 1, 0, N'002', N'614002', N'هزینه کارمزد بانکی', 1)
INSERT INTO [Finance].[Account] (AccountID, ParentID, GroupID, FiscalPeriodID, BranchID, BranchScope, Code, FullCode, Name, [Level])
    VALUES (216, 213, 1, 1, 1, 0, N'003', N'614003', N'هزینه صدور دسته چک', 1)
INSERT INTO [Finance].[Account] (AccountID, ParentID, GroupID, FiscalPeriodID, BranchID, BranchScope, Code, FullCode, Name, [Level])
    VALUES (217, NULL, 1, 1, 1, 0, N'711', N'711', N'افتتاحيه', 0)
INSERT INTO [Finance].[Account] (AccountID, ParentID, GroupID, FiscalPeriodID, BranchID, BranchScope, Code, FullCode, Name, [Level])
    VALUES (218, NULL, 1, 1, 1, 0, N'712', N'712', N'اختتاميه', 0)
INSERT INTO [Finance].[Account] (AccountID, ParentID, GroupID, FiscalPeriodID, BranchID, BranchScope, Code, FullCode, Name, [Level])
    VALUES (219, NULL, 1, 1, 1, 0, N'713', N'713', N'عملكرد', 0)
INSERT INTO [Finance].[Account] (AccountID, ParentID, GroupID, FiscalPeriodID, BranchID, BranchScope, Code, FullCode, Name, [Level])
    VALUES (220, NULL, 1, 1, 1, 0, N'714', N'714', N'سود و زيان', 0)
INSERT INTO [Finance].[Account] (AccountID, ParentID, GroupID, FiscalPeriodID, BranchID, BranchScope, Code, FullCode, Name, [Level])
    VALUES (221, NULL, 1, 1, 1, 0, N'811', N'811', N'حسابهاى انتظامى', 0)
INSERT INTO [Finance].[Account] (AccountID, ParentID, GroupID, FiscalPeriodID, BranchID, BranchScope, Code, FullCode, Name, [Level])
    VALUES (222, NULL, 1, 1, 1, 0, N'812', N'812', N'طرف حسابهاى انتظامى', 0)
INSERT INTO [Finance].[Account] (AccountID, ParentID, GroupID, FiscalPeriodID, BranchID, BranchScope, Code, FullCode, Name, [Level])
    VALUES (223, 130, 1, 1, 1, 0, N'001', N'117001', N'انبار مرکزی', 1)
SET IDENTITY_INSERT [Finance].[Account] OFF

SET IDENTITY_INSERT [Core].[DocumentType] ON
INSERT INTO [Core].[DocumentType] (TypeID, Name) VALUES (1, N'Voucher')
INSERT INTO [Core].[DocumentType] (TypeID, Name) VALUES (2, N'RequisitionVoucher')
INSERT INTO [Core].[DocumentType] (TypeID, Name) VALUES (3, N'PurchaseOrder')
INSERT INTO [Core].[DocumentType] (TypeID, Name) VALUES (4, N'IssueVoucher')
INSERT INTO [Core].[DocumentType] (TypeID, Name) VALUES (5, N'PricedIssueVoucher')
INSERT INTO [Core].[DocumentType] (TypeID, Name) VALUES (6, N'ReceiptVoucher')
INSERT INTO [Core].[DocumentType] (TypeID, Name) VALUES (7, N'PricedReceiptVoucher')
INSERT INTO [Core].[DocumentType] (TypeID, Name) VALUES (8, N'PurchaseInvoice')
INSERT INTO [Core].[DocumentType] (TypeID, Name) VALUES (9, N'SalesInvoice')
INSERT INTO [Core].[DocumentType] (TypeID, Name) VALUES (10, N'PurchaseRefundInvoice')
INSERT INTO [Core].[DocumentType] (TypeID, Name) VALUES (11, N'SalesRefundInvoice')
INSERT INTO [Core].[DocumentType] (TypeID, Name) VALUES (12, N'SalesQuote')
SET IDENTITY_INSERT [Core].[DocumentType] OFF

SET IDENTITY_INSERT [Finance].[DetailAccount] ON
INSERT INTO [Finance].[DetailAccount] (DetailAccountID, FiscalPeriodID, BranchID, Code, FullCode, Name, [Level]) VALUES (1, 1, 1, N'1000', N'1000', N'شناور 1', 0)
INSERT INTO [Finance].[DetailAccount] (DetailAccountID, FiscalPeriodID, BranchID, Code, FullCode, Name, [Level]) VALUES (2, 1, 1, N'2000', N'2000', N'شناور 2', 0)
INSERT INTO [Finance].[DetailAccount] (DetailAccountID, FiscalPeriodID, BranchID, Code, FullCode, Name, [Level]) VALUES (3, 1, 1, N'3000', N'3000', N'شناور 3', 0)
INSERT INTO [Finance].[DetailAccount] (DetailAccountID, FiscalPeriodID, BranchID, Code, FullCode, Name, [Level]) VALUES (4, 1, 1, N'4000', N'1000', N'شناور 4', 0)
SET IDENTITY_INSERT [Finance].[DetailAccount] OFF

SET IDENTITY_INSERT [Finance].[CostCenter] ON
INSERT INTO [Finance].[CostCenter] (CostCenterID, FiscalPeriodID, BranchID, Code, FullCode, Name, [Level]) VALUES (1, 1, 1, N'1000', N'1000', N'مرکز هزینه 1', 0)
INSERT INTO [Finance].[CostCenter] (CostCenterID, FiscalPeriodID, BranchID, Code, FullCode, Name, [Level]) VALUES (2, 1, 1, N'2000', N'2000', N'مرکز هزینه 2', 0)
INSERT INTO [Finance].[CostCenter] (CostCenterID, FiscalPeriodID, BranchID, Code, FullCode, Name, [Level]) VALUES (3, 1, 1, N'3000', N'3000', N'مرکز هزینه 3', 0)
INSERT INTO [Finance].[CostCenter] (CostCenterID, FiscalPeriodID, BranchID, Code, FullCode, Name, [Level]) VALUES (4, 1, 1, N'4000', N'4000', N'مرکز هزینه 4', 0)
SET IDENTITY_INSERT [Finance].[CostCenter] OFF

SET IDENTITY_INSERT [Finance].[Project] ON
INSERT INTO [Finance].[Project] (ProjectID, FiscalPeriodID, BranchID, Code, FullCode, Name, [Level]) VALUES (1, 1, 1, N'1000', N'1000', N'پروژه 1', 0)
INSERT INTO [Finance].[Project] (ProjectID, FiscalPeriodID, BranchID, Code, FullCode, Name, [Level]) VALUES (2, 1, 1, N'2000', N'2000', N'پروژه 2', 0)
INSERT INTO [Finance].[Project] (ProjectID, FiscalPeriodID, BranchID, Code, FullCode, Name, [Level]) VALUES (3, 1, 1, N'3000', N'3000', N'پروژه 3', 0)
INSERT INTO [Finance].[Project] (ProjectID, FiscalPeriodID, BranchID, Code, FullCode, Name, [Level]) VALUES (4, 1, 1, N'4000', N'4000', N'پروژه 4', 0)
SET IDENTITY_INSERT [Finance].[Project] OFF

SET IDENTITY_INSERT [Config].[ViewSetting] ON
INSERT INTO [Config].[ViewSetting] (ViewSettingID, SettingID, ViewID, ModelType, [Values], DefaultValues)
    VALUES (1, 5, 1, 'ViewTreeConfig', N'{"viewId":1,"maxDepth":3,"levels":[{"no":1,"name":"LevelGeneral","codeLength":3,"isEnabled": true,"isUsed": true},{"no":2,"name":"LevelAuxiliary","codeLength":3,"isEnabled": true,"isUsed": true},{"no":3,"name":"LevelDetail","codeLength":4,"isEnabled": true,"isUsed": true},{"no":4,"name":"LevelX","codeLength":4,"isEnabled":false,"isUsed": false},{"no":5,"name":"LevelX","codeLength":4,"isEnabled":false,"isUsed": false},{"no":6,"name":"LevelX","codeLength":4,"isEnabled":false,"isUsed": false},{"no":7,"name":"LevelX","codeLength":4,"isEnabled":false,"isUsed": false},{"no":8,"name":"LevelX","codeLength":4,"isEnabled":false,"isUsed": false},{"no":9,"name":"LevelX","codeLength":4,"isEnabled":false},{"no":10,"name":"LevelX","codeLength":4,"isEnabled":false},{"no":11,"name":"LevelX","codeLength":4,"isEnabled":false},{"no":12,"name":"LevelX","codeLength":4,"isEnabled":false},{"no":13,"name":"LevelX","codeLength":4,"isEnabled":false},{"no":14,"name":"LevelX","codeLength":4,"isEnabled":false},{"no":15,"name":"LevelX","codeLength":4,"isEnabled":false},{"no":16,"name":"LevelX","codeLength":4,"isEnabled":false}]}', N'{"viewId":1,"maxDepth":3,"levels":[{"no":1,"name":"LevelGeneral","codeLength":3},{"no":2,"name":"LevelAuxiliary","codeLength":3},{"no":3,"name":"LevelDetail","codeLength":4},{"no":4,"name":"LevelX","codeLength":4,"isEnabled":false},{"no":5,"name":"LevelX","codeLength":4,"isEnabled":false},{"no":6,"name":"LevelX","codeLength":4,"isEnabled":false},{"no":7,"name":"LevelX","codeLength":4,"isEnabled":false},{"no":8,"name":"LevelX","codeLength":4,"isEnabled":false},{"no":9,"name":"LevelX","codeLength":4,"isEnabled":false},{"no":10,"name":"LevelX","codeLength":4,"isEnabled":false},{"no":11,"name":"LevelX","codeLength":4,"isEnabled":false},{"no":12,"name":"LevelX","codeLength":4,"isEnabled":false},{"no":13,"name":"LevelX","codeLength":4,"isEnabled":false},{"no":14,"name":"LevelX","codeLength":4,"isEnabled":false},{"no":15,"name":"LevelX","codeLength":4,"isEnabled":false},{"no":16,"name":"LevelX","codeLength":4,"isEnabled":false}]}')
INSERT INTO [Config].[ViewSetting] (ViewSettingID, SettingID, ViewID, ModelType, [Values], DefaultValues)
    VALUES (2, 5, 6, 'ViewTreeConfig', N'{"viewId":6,"maxDepth":4,"levels":[{"no":1,"name":"LevelX","codeLength":4,"isEnabled":true,"isUsed": true},{"no":2,"name":"LevelX","codeLength":4,"isEnabled":true,"isUsed": false},{"no":3,"name":"LevelX","codeLength":4,"isEnabled":true,"isUsed": false},{"no":4,"name":"LevelX","codeLength":4,"isEnabled":true,"isUsed": false},{"no":5,"name":"LevelX","codeLength":4,"isEnabled":false,"isUsed": false},{"no":6,"name":"LevelX","codeLength":4,"isEnabled":false,"isUsed": false},{"no":7,"name":"LevelX","codeLength":4,"isEnabled":false,"isUsed": false},{"no":8,"name":"LevelX","codeLength":4,"isEnabled":false,"isUsed": false},{"no":9,"name":"LevelX","codeLength":4,"isEnabled":false,"isUsed": false},{"no":10,"name":"LevelX","codeLength":4,"isEnabled":false,"isUsed": false},{"no":11,"name":"LevelX","codeLength":4,"isEnabled":false},{"no":12,"name":"LevelX","codeLength":4,"isEnabled":false},{"no":13,"name":"LevelX","codeLength":4,"isEnabled":false},{"no":14,"name":"LevelX","codeLength":4,"isEnabled":false},{"no":15,"name":"LevelX","codeLength":4,"isEnabled":false},{"no":16,"name":"LevelX","codeLength":4,"isEnabled":false}]}', N'{"viewId":6,"maxDepth":4,"levels":[{"no":1,"name":"LevelX","codeLength":4,"isEnabled":true},{"no":2,"name":"LevelX","codeLength":4,"isEnabled":true},{"no":3,"name":"LevelX","codeLength":4,"isEnabled":true},{"no":4,"name":"LevelX","codeLength":4,"isEnabled":true},{"no":5,"name":"LevelX","codeLength":4,"isEnabled":false},{"no":6,"name":"LevelX","codeLength":4,"isEnabled":false},{"no":7,"name":"LevelX","codeLength":4,"isEnabled":false},{"no":8,"name":"LevelX","codeLength":4,"isEnabled":false},{"no":9,"name":"LevelX","codeLength":4,"isEnabled":false},{"no":10,"name":"LevelX","codeLength":4,"isEnabled":false},{"no":11,"name":"LevelX","codeLength":4,"isEnabled":false},{"no":12,"name":"LevelX","codeLength":4,"isEnabled":false},{"no":13,"name":"LevelX","codeLength":4,"isEnabled":false},{"no":14,"name":"LevelX","codeLength":4,"isEnabled":false},{"no":15,"name":"LevelX","codeLength":4,"isEnabled":false},{"no":16,"name":"LevelX","codeLength":4,"isEnabled":false}]}')
INSERT INTO [Config].[ViewSetting] (ViewSettingID, SettingID, ViewID, ModelType, [Values], DefaultValues)
    VALUES (3, 5, 7, 'ViewTreeConfig', N'{"viewId":7,"maxDepth":4,"levels":[{"no":1,"name":"LevelX","codeLength":4,"isEnabled":true,"isUsed": true},{"no":2,"name":"LevelX","codeLength":4,"isEnabled":true,"isUsed": false},{"no":3,"name":"LevelX","codeLength":4,"isEnabled":true,"isUsed": false},{"no":4,"name":"LevelX","codeLength":4,"isEnabled":true,"isUsed": false},{"no":5,"name":"LevelX","codeLength":4,"isEnabled":false,"isUsed": false},{"no":6,"name":"LevelX","codeLength":4,"isEnabled":false,"isUsed": false},{"no":7,"name":"LevelX","codeLength":4,"isEnabled":false,"isUsed": false},{"no":8,"name":"LevelX","codeLength":4,"isEnabled":false,"isUsed": false},{"no":9,"name":"LevelX","codeLength":4,"isEnabled":false,"isUsed": false},{"no":10,"name":"LevelX","codeLength":4,"isEnabled":false,"isUsed": false},{"no":11,"name":"LevelX","codeLength":4,"isEnabled":false},{"no":12,"name":"LevelX","codeLength":4,"isEnabled":false},{"no":13,"name":"LevelX","codeLength":4,"isEnabled":false},{"no":14,"name":"LevelX","codeLength":4,"isEnabled":false},{"no":15,"name":"LevelX","codeLength":4,"isEnabled":false},{"no":16,"name":"LevelX","codeLength":4,"isEnabled":false}]}', N'{"viewId":7,"maxDepth":4,"levels":[{"no":1,"name":"LevelX","codeLength":4,"isEnabled":true},{"no":2,"name":"LevelX","codeLength":4,"isEnabled":true},{"no":3,"name":"LevelX","codeLength":4,"isEnabled":true},{"no":4,"name":"LevelX","codeLength":4,"isEnabled":true},{"no":5,"name":"LevelX","codeLength":4,"isEnabled":false},{"no":6,"name":"LevelX","codeLength":4,"isEnabled":false},{"no":7,"name":"LevelX","codeLength":4,"isEnabled":false},{"no":8,"name":"LevelX","codeLength":4,"isEnabled":false},{"no":9,"name":"LevelX","codeLength":4,"isEnabled":false},{"no":10,"name":"LevelX","codeLength":4,"isEnabled":false},{"no":11,"name":"LevelX","codeLength":4,"isEnabled":false},{"no":12,"name":"LevelX","codeLength":4,"isEnabled":false},{"no":13,"name":"LevelX","codeLength":4,"isEnabled":false},{"no":14,"name":"LevelX","codeLength":4,"isEnabled":false},{"no":15,"name":"LevelX","codeLength":4,"isEnabled":false},{"no":16,"name":"LevelX","codeLength":4,"isEnabled":false}]}')
INSERT INTO [Config].[ViewSetting] (ViewSettingID, SettingID, ViewID, ModelType, [Values], DefaultValues)
    VALUES (4, 5, 8, 'ViewTreeConfig', N'{"viewId":8,"maxDepth":4,"levels":[{"no":1,"name":"LevelX","codeLength":4,"isEnabled":true,"isUsed": true},{"no":2,"name":"LevelX","codeLength":4,"isEnabled":true,"isUsed": false},{"no":3,"name":"LevelX","codeLength":4,"isEnabled":true,"isUsed": false},{"no":4,"name":"LevelX","codeLength":4,"isEnabled":true,"isUsed": false},{"no":5,"name":"LevelX","codeLength":4,"isEnabled":false,"isUsed": false},{"no":6,"name":"LevelX","codeLength":4,"isEnabled":false,"isUsed": false},{"no":7,"name":"LevelX","codeLength":4,"isEnabled":false,"isUsed": false},{"no":8,"name":"LevelX","codeLength":4,"isEnabled":false,"isUsed": false},{"no":9,"name":"LevelX","codeLength":4,"isEnabled":false,"isUsed": false},{"no":10,"name":"LevelX","codeLength":4,"isEnabled":false,"isUsed": false},{"no":11,"name":"LevelX","codeLength":4,"isEnabled":false},{"no":12,"name":"LevelX","codeLength":4,"isEnabled":false},{"no":13,"name":"LevelX","codeLength":4,"isEnabled":false},{"no":14,"name":"LevelX","codeLength":4,"isEnabled":false},{"no":15,"name":"LevelX","codeLength":4,"isEnabled":false},{"no":16,"name":"LevelX","codeLength":4,"isEnabled":false}]}', N'{"viewId":8,"maxDepth":4,"levels":[{"no":1,"name":"LevelX","codeLength":4,"isEnabled":true},{"no":2,"name":"LevelX","codeLength":4,"isEnabled":true},{"no":3,"name":"LevelX","codeLength":4,"isEnabled":true},{"no":4,"name":"LevelX","codeLength":4,"isEnabled":true},{"no":5,"name":"LevelX","codeLength":4,"isEnabled":false},{"no":6,"name":"LevelX","codeLength":4,"isEnabled":false},{"no":7,"name":"LevelX","codeLength":4,"isEnabled":false},{"no":8,"name":"LevelX","codeLength":4,"isEnabled":false},{"no":9,"name":"LevelX","codeLength":4,"isEnabled":false},{"no":10,"name":"LevelX","codeLength":4,"isEnabled":false},{"no":11,"name":"LevelX","codeLength":4,"isEnabled":false},{"no":12,"name":"LevelX","codeLength":4,"isEnabled":false},{"no":13,"name":"LevelX","codeLength":4,"isEnabled":false},{"no":14,"name":"LevelX","codeLength":4,"isEnabled":false},{"no":15,"name":"LevelX","codeLength":4,"isEnabled":false},{"no":16,"name":"LevelX","codeLength":4,"isEnabled":false}]}')
SET IDENTITY_INSERT [Config].[ViewSetting] OFF

SET IDENTITY_INSERT [Finance].[Voucher] ON
INSERT [Finance].[Voucher] ([VoucherID], [FiscalPeriodID], [BranchID], [StatusID], [IssuedByID], [ModifiedByID], [ConfirmedByID], [ApprovedByID], [No], [DailyNo], [Date], [Reference], [Association], [IsBalanced], [Type], [SubjectType], [SaveCount], [Description], [IssuerName], [ModifierName], [ConfirmerName], [ApproverName])
    VALUES (1, 1, 1, 1, 1, 1, NULL, NULL, 11, 1, CAST(N'2018-09-10 10:45:00.000' AS DateTime), N'', NULL, 1, 0, 0, 1, N'برگشت از خرید', N'سیستم، راهبر', N'سیستم، راهبر', NULL, NULL)
GO
INSERT [Finance].[Voucher] ([VoucherID], [FiscalPeriodID], [BranchID], [StatusID], [IssuedByID], [ModifiedByID], [ConfirmedByID], [ApprovedByID], [No], [DailyNo], [Date], [Reference], [Association], [IsBalanced], [Type], [SubjectType], [SaveCount], [Description], [IssuerName], [ModifierName], [ConfirmerName], [ApproverName])
    VALUES (2, 1, 1, 1, 1, 1, NULL, NULL, 12, 1, CAST(N'2018-09-26 12:00:00.000' AS DateTime), N'', NULL, 1, 0, 0, 1, N'برگشت از فروش', N'سیستم، راهبر', N'سیستم، راهبر', NULL, NULL)
GO
INSERT [Finance].[Voucher] ([VoucherID], [FiscalPeriodID], [BranchID], [StatusID], [IssuedByID], [ModifiedByID], [ConfirmedByID], [ApprovedByID], [No], [DailyNo], [Date], [Reference], [Association], [IsBalanced], [Type], [SubjectType], [SaveCount], [Description], [IssuerName], [ModifierName], [ConfirmerName], [ApproverName])
    VALUES (3, 1, 1, 2, 1, 1, NULL, NULL, 13, 1, CAST(N'2018-10-28 10:46:00.000' AS DateTime), N'', NULL, 1, 0, 0, 1, N'فاکتور فروش با تخفیف', N'سیستم، راهبر', N'سیستم، راهبر', NULL, NULL)
GO
INSERT [Finance].[Voucher] ([VoucherID], [FiscalPeriodID], [BranchID], [StatusID], [IssuedByID], [ModifiedByID], [ConfirmedByID], [ApprovedByID], [No], [DailyNo], [Date], [Reference], [Association], [IsBalanced], [Type], [SubjectType], [SaveCount], [Description], [IssuerName], [ModifierName], [ConfirmerName], [ApproverName])
    VALUES (4, 1, 1, 2, 1, 1, NULL, NULL, 14, 1, CAST(N'2018-10-30 10:47:00.000' AS DateTime), N'', NULL, 1, 0, 0, 1, N'برگشت از فروش با تخفیف', N'سیستم، راهبر', N'سیستم، راهبر', NULL, NULL)
GO
INSERT [Finance].[Voucher] ([VoucherID], [FiscalPeriodID], [BranchID], [StatusID], [IssuedByID], [ModifiedByID], [ConfirmedByID], [ApprovedByID], [No], [DailyNo], [Date], [Reference], [Association], [IsBalanced], [Type], [SubjectType], [SaveCount], [Description], [IssuerName], [ModifierName], [ConfirmerName], [ApproverName])
    VALUES (5, 1, 1, 2, 1, 1, NULL, NULL, 15, 1, CAST(N'2018-11-01 10:47:00.000' AS DateTime), N'', NULL, 1, 0, 0, 1, N'سند دریافت به صندوق ', N'سیستم، راهبر', N'سیستم، راهبر', NULL, NULL)
GO
INSERT [Finance].[Voucher] ([VoucherID], [FiscalPeriodID], [BranchID], [StatusID], [IssuedByID], [ModifiedByID], [ConfirmedByID], [ApprovedByID], [No], [DailyNo], [Date], [Reference], [Association], [IsBalanced], [Type], [SubjectType], [SaveCount], [Description], [IssuerName], [ModifierName], [ConfirmerName], [ApproverName])
    VALUES (6, 1, 1, 1, 1, 1, NULL, NULL, 16, 1, CAST(N'2018-11-02 03:15:00.000' AS DateTime), N'', NULL, 1, 0, 0, 1, N'سند دریافت به بانک', N'سیستم، راهبر', N'سیستم، راهبر', NULL, NULL)
GO
INSERT [Finance].[Voucher] ([VoucherID], [FiscalPeriodID], [BranchID], [StatusID], [IssuedByID], [ModifiedByID], [ConfirmedByID], [ApprovedByID], [No], [DailyNo], [Date], [Reference], [Association], [IsBalanced], [Type], [SubjectType], [SaveCount], [Description], [IssuerName], [ModifierName], [ConfirmerName], [ApproverName])
    VALUES (7, 1, 1, 2, 1, 1, NULL, NULL, 17, 1, CAST(N'2018-11-03 03:22:00.000' AS DateTime), N'', NULL, 1, 0, 0, 1, N'سند پرداخت از صندوق ', N'سیستم، راهبر', N'سیستم، راهبر', NULL, NULL)
GO
INSERT [Finance].[Voucher] ([VoucherID], [FiscalPeriodID], [BranchID], [StatusID], [IssuedByID], [ModifiedByID], [ConfirmedByID], [ApprovedByID], [No], [DailyNo], [Date], [Reference], [Association], [IsBalanced], [Type], [SubjectType], [SaveCount], [Description], [IssuerName], [ModifierName], [ConfirmerName], [ApproverName])
    VALUES (8, 1, 1, 2, 1, 1, NULL, NULL, 18, 1, CAST(N'2018-11-03 03:25:00.000' AS DateTime), N'', NULL, 1, 0, 0, 1, N'سند پرداخت از بانک', N'سیستم، راهبر', N'سیستم، راهبر', NULL, NULL)
GO
SET IDENTITY_INSERT [Finance].[Voucher] OFF

SET IDENTITY_INSERT [Finance].[VoucherLine] ON 
INSERT [Finance].[VoucherLine] ([VoucherLineID], [VoucherID], [FiscalPeriodID], [BranchID], [AccountID], [CurrencyID], [CreatedByID], [RowNo], [Debit], [Credit], [Description], [Amount], [FollowupNo], [CurrencyValue], [Mark], [TypeID], [SourceID], [rowguid], [ModifiedDate])
    VALUES (39, 1, 1, 1, 125, NULL, 1, 1, 130000000.0000, 0.0000, N'بابت برگشت از خرید طی فاکتور شماره 4', NULL, NULL, NULL, NULL, 0, NULL, N'42bd4b7b-6193-4517-87db-5b6424439cc7', CAST(N'2018-11-04 09:48:06.010' AS DateTime))
GO
INSERT [Finance].[VoucherLine] ([VoucherLineID], [VoucherID], [FiscalPeriodID], [BranchID], [AccountID], [CurrencyID], [CreatedByID], [RowNo], [Debit], [Credit], [Description], [Amount], [FollowupNo], [CurrencyValue], [Mark], [TypeID], [SourceID], [rowguid], [ModifiedDate])
    VALUES (40, 1, 1, 1, 223, NULL, 1, 2, 0.0000, 12000000.0000, N'بابت برگشت از خرید طی فاکتور شماره 4', NULL, NULL, NULL, NULL, 0, NULL, N'9533e85f-b74e-45ad-abe9-560521ff7ddf', CAST(N'2018-11-04 09:49:39.317' AS DateTime))
GO
INSERT [Finance].[VoucherLine] ([VoucherLineID], [VoucherID], [FiscalPeriodID], [BranchID], [AccountID], [CurrencyID], [CreatedByID], [RowNo], [Debit], [Credit], [Description], [Amount], [FollowupNo], [CurrencyValue], [Mark], [TypeID], [SourceID], [rowguid], [ModifiedDate])
    VALUES (41, 1, 1, 1, 223, NULL, 1, 3, 0.0000, 118000000.0000, N'بابت هزینه برگشت از خرید', NULL, NULL, NULL, NULL, 0, NULL, N'e007e2e4-57cb-4e60-9f93-887136e1c6fd', CAST(N'2018-11-04 09:51:35.233' AS DateTime))
GO
INSERT [Finance].[VoucherLine] ([VoucherLineID], [VoucherID], [FiscalPeriodID], [BranchID], [AccountID], [CurrencyID], [CreatedByID], [RowNo], [Debit], [Credit], [Description], [Amount], [FollowupNo], [CurrencyValue], [Mark], [TypeID], [SourceID], [rowguid], [ModifiedDate])
    VALUES (42, 2, 1, 1, 176, NULL, 1, 1, 55450000.0000, 0.0000, N'بابت برگشت از فروش طی فاکتور شماره 6', NULL, NULL, NULL, NULL, 0, NULL, N'5c715db3-40b5-43c4-a6c2-1076dc399665', CAST(N'2018-11-04 10:19:08.603' AS DateTime))
GO
INSERT [Finance].[VoucherLine] ([VoucherLineID], [VoucherID], [FiscalPeriodID], [BranchID], [AccountID], [CurrencyID], [CreatedByID], [RowNo], [Debit], [Credit], [Description], [Amount], [FollowupNo], [CurrencyValue], [Mark], [TypeID], [SourceID], [rowguid], [ModifiedDate])
    VALUES (43, 2, 1, 1, 125, NULL, 1, 2, 0.0000, 55450000.0000, N'بابت برگشت از فروش طی فاکتور  شماره 6', NULL, NULL, NULL, NULL, 0, NULL, N'cd523b60-7f10-406e-bbd4-0c57a6086100', CAST(N'2018-11-04 10:21:43.723' AS DateTime))
GO
INSERT [Finance].[VoucherLine] ([VoucherLineID], [VoucherID], [FiscalPeriodID], [BranchID], [AccountID], [CurrencyID], [CreatedByID], [RowNo], [Debit], [Credit], [Description], [Amount], [FollowupNo], [CurrencyValue], [Mark], [TypeID], [SourceID], [rowguid], [ModifiedDate])
    VALUES (44, 2, 1, 1, 223, NULL, 1, 3, 130000000.0000, 0.0000, N'بابت برگشت از فروش طی فاکتور  شماره 6', NULL, NULL, NULL, NULL, 0, NULL, N'2d1e553e-82f8-4cff-85e6-4e75b399adfe', CAST(N'2018-11-04 10:23:03.367' AS DateTime))
GO
INSERT [Finance].[VoucherLine] ([VoucherLineID], [VoucherID], [FiscalPeriodID], [BranchID], [AccountID], [CurrencyID], [CreatedByID], [RowNo], [Debit], [Credit], [Description], [Amount], [FollowupNo], [CurrencyValue], [Mark], [TypeID], [SourceID], [rowguid], [ModifiedDate])
    VALUES (45, 2, 1, 1, 182, NULL, 1, 4, 0.0000, 130000000.0000, N'بابت برگشت از فروش طی فاکتور  شماره 6', NULL, NULL, NULL, NULL, 0, NULL, N'5bf1bcb0-583a-4cd2-9659-26a77f7e1bb1', CAST(N'2018-11-04 10:23:29.803' AS DateTime))
GO
INSERT [Finance].[VoucherLine] ([VoucherLineID], [VoucherID], [FiscalPeriodID], [BranchID], [AccountID], [CurrencyID], [CreatedByID], [RowNo], [Debit], [Credit], [Description], [Amount], [FollowupNo], [CurrencyValue], [Mark], [TypeID], [SourceID], [rowguid], [ModifiedDate])
    VALUES (46, 3, 1, 1, 125, NULL, 1, 1, 209880000.0000, 0.0000, N'بابت فروش طی فاکتور شماره  7 ( با تخفیف)', NULL, NULL, NULL, NULL, 0, NULL, N'1aea2e46-f928-4445-a9ee-75de9c9f2a43', CAST(N'2018-11-04 10:46:40.677' AS DateTime))
GO
INSERT [Finance].[VoucherLine] ([VoucherLineID], [VoucherID], [FiscalPeriodID], [BranchID], [AccountID], [CurrencyID], [CreatedByID], [RowNo], [Debit], [Credit], [Description], [Amount], [FollowupNo], [CurrencyValue], [Mark], [TypeID], [SourceID], [rowguid], [ModifiedDate])
    VALUES (47, 3, 1, 1, 177, NULL, 1, 2, 120000.0000, 0.0000, N'بابت فروش طی فاکتور شماره  7 ( با تخفیف)', NULL, NULL, NULL, NULL, 0, NULL, N'd9868bee-113a-4938-ae01-d342a74a8192', CAST(N'2018-11-04 10:50:49.530' AS DateTime))
GO
INSERT [Finance].[VoucherLine] ([VoucherLineID], [VoucherID], [FiscalPeriodID], [BranchID], [AccountID], [CurrencyID], [CreatedByID], [RowNo], [Debit], [Credit], [Description], [Amount], [FollowupNo], [CurrencyValue], [Mark], [TypeID], [SourceID], [rowguid], [ModifiedDate])
    VALUES (48, 3, 1, 1, 174, NULL, 1, 3, 0.0000, 210000000.0000, N'بابت فروش طی فاکتور شماره  7 ( با تخفیف)', NULL, NULL, NULL, NULL, 0, NULL, N'ef29250d-c11e-4e8b-96d7-13c7226c6351', CAST(N'2018-11-04 10:52:56.617' AS DateTime))
GO
INSERT [Finance].[VoucherLine] ([VoucherLineID], [VoucherID], [FiscalPeriodID], [BranchID], [AccountID], [CurrencyID], [CreatedByID], [RowNo], [Debit], [Credit], [Description], [Amount], [FollowupNo], [CurrencyValue], [Mark], [TypeID], [SourceID], [rowguid], [ModifiedDate])
    VALUES (49, 3, 1, 1, 182, NULL, 1, 4, 140000000.0000, 0.0000, N'بابت فروش طی فاکتور شماره  7 ( با تخفیف)', NULL, NULL, NULL, NULL, 0, NULL, N'659198f1-7dcf-4786-9f0a-561dd817f85a', CAST(N'2018-11-04 10:53:41.040' AS DateTime))
GO
INSERT [Finance].[VoucherLine] ([VoucherLineID], [VoucherID], [FiscalPeriodID], [BranchID], [AccountID], [CurrencyID], [CreatedByID], [RowNo], [Debit], [Credit], [Description], [Amount], [FollowupNo], [CurrencyValue], [Mark], [TypeID], [SourceID], [rowguid], [ModifiedDate])
    VALUES (50, 3, 1, 1, 223, NULL, 1, 5, 0.0000, 120000000.0000, N'بابت فروش طی فاکتور شماره  7 ( با تخفیف)', NULL, NULL, NULL, NULL, 0, NULL, N'd1cbeb09-aef9-4f6c-92ac-0aaca3a23752', CAST(N'2018-11-04 10:54:35.477' AS DateTime))
GO
INSERT [Finance].[VoucherLine] ([VoucherLineID], [VoucherID], [FiscalPeriodID], [BranchID], [AccountID], [CurrencyID], [CreatedByID], [RowNo], [Debit], [Credit], [Description], [Amount], [FollowupNo], [CurrencyValue], [Mark], [TypeID], [SourceID], [rowguid], [ModifiedDate])
    VALUES (51, 3, 1, 1, 223, NULL, 1, 6, 0.0000, 20000000.0000, N'بابت فروش طی فاکتور شماره  7 ( با تخفیف)', NULL, NULL, NULL, NULL, 0, NULL, N'c29271f2-d941-4b97-95cb-7f6c5cea0af5', CAST(N'2018-11-04 10:55:22.630' AS DateTime))
GO
INSERT [Finance].[VoucherLine] ([VoucherLineID], [VoucherID], [FiscalPeriodID], [BranchID], [AccountID], [CurrencyID], [CreatedByID], [RowNo], [Debit], [Credit], [Description], [Amount], [FollowupNo], [CurrencyValue], [Mark], [TypeID], [SourceID], [rowguid], [ModifiedDate])
    VALUES (52, 4, 1, 1, 176, NULL, 1, 1, 21000000.0000, 0.0000, N'بابت برگشت از فروش طی فاکتور شماره 7  با تخفیف', NULL, NULL, NULL, NULL, 0, NULL, N'a6265f78-95d3-436d-a137-d6777624bc0b', CAST(N'2018-11-04 11:01:57.293' AS DateTime))
GO
INSERT [Finance].[VoucherLine] ([VoucherLineID], [VoucherID], [FiscalPeriodID], [BranchID], [AccountID], [CurrencyID], [CreatedByID], [RowNo], [Debit], [Credit], [Description], [Amount], [FollowupNo], [CurrencyValue], [Mark], [TypeID], [SourceID], [rowguid], [ModifiedDate])
    VALUES (53, 4, 1, 1, 177, NULL, 1, 2, 0.0000, 12000.0000, N'بابت برگشت از فروش طی فاکتور شماره 7  با تخفیف120000', NULL, NULL, NULL, NULL, 0, NULL, N'4a9ea9af-4337-4ea7-853f-cd3a62c060f1', CAST(N'2018-11-04 11:06:05.057' AS DateTime))
GO
INSERT [Finance].[VoucherLine] ([VoucherLineID], [VoucherID], [FiscalPeriodID], [BranchID], [AccountID], [CurrencyID], [CreatedByID], [RowNo], [Debit], [Credit], [Description], [Amount], [FollowupNo], [CurrencyValue], [Mark], [TypeID], [SourceID], [rowguid], [ModifiedDate])
    VALUES (54, 4, 1, 1, 125, NULL, 1, 3, 0.0000, 20988000.0000, N'بابت برگشت از فروش طی فاکتور شماره 7  با تخفیف', NULL, NULL, NULL, NULL, 0, NULL, N'3e49cf39-5ab8-4e43-b3d8-efeb8fa83121', CAST(N'2018-11-04 11:08:17.397' AS DateTime))
GO
INSERT [Finance].[VoucherLine] ([VoucherLineID], [VoucherID], [FiscalPeriodID], [BranchID], [AccountID], [CurrencyID], [CreatedByID], [RowNo], [Debit], [Credit], [Description], [Amount], [FollowupNo], [CurrencyValue], [Mark], [TypeID], [SourceID], [rowguid], [ModifiedDate])
    VALUES (55, 4, 1, 1, 223, NULL, 1, 4, 140000000.0000, 0.0000, N'بابت برگشت از فروش طی فاکتور شماره 7  با تخفیف', NULL, NULL, NULL, NULL, 0, NULL, N'81be325e-d5ee-41ae-9f2e-bdc31abe537c', CAST(N'2018-11-04 11:10:27.387' AS DateTime))
GO
INSERT [Finance].[VoucherLine] ([VoucherLineID], [VoucherID], [FiscalPeriodID], [BranchID], [AccountID], [CurrencyID], [CreatedByID], [RowNo], [Debit], [Credit], [Description], [Amount], [FollowupNo], [CurrencyValue], [Mark], [TypeID], [SourceID], [rowguid], [ModifiedDate])
    VALUES (56, 4, 1, 1, 182, NULL, 1, 5, 0.0000, 140000000.0000, N'بابت برگشت از فروش طی فاکتور شماره 7  با تخفیف', NULL, NULL, NULL, NULL, 0, NULL, N'a30e6bf7-5493-4f48-a3bb-5f5208a58df9', CAST(N'2018-11-04 11:11:08.163' AS DateTime))
GO
INSERT [Finance].[VoucherLine] ([VoucherLineID], [VoucherID], [FiscalPeriodID], [BranchID], [AccountID], [CurrencyID], [CreatedByID], [RowNo], [Debit], [Credit], [Description], [Amount], [FollowupNo], [CurrencyValue], [Mark], [TypeID], [SourceID], [rowguid], [ModifiedDate])
    VALUES (57, 5, 1, 1, 103, NULL, 1, 1, 45600000.0000, 0.0000, N'بابت دریافت طی سند دریافت شماره 10', NULL, NULL, NULL, NULL, 0, NULL, N'f2078868-1f09-4680-aafb-7d6014dd634c', CAST(N'2018-11-04 11:43:56.510' AS DateTime))
GO
INSERT [Finance].[VoucherLine] ([VoucherLineID], [VoucherID], [FiscalPeriodID], [BranchID], [AccountID], [CurrencyID], [CreatedByID], [RowNo], [Debit], [Credit], [Description], [Amount], [FollowupNo], [CurrencyValue], [Mark], [TypeID], [SourceID], [rowguid], [ModifiedDate])
    VALUES (58, 5, 1, 1, 149, NULL, 1, 2, 0.0000, 45600000.0000, N'بابت دریافت طی سند دریافت شماره 10', NULL, NULL, NULL, NULL, 0, NULL, N'69a30a92-4fd8-4ae4-8463-e40bd6763f94', CAST(N'2018-11-04 11:44:44.703' AS DateTime))
GO
INSERT [Finance].[VoucherLine] ([VoucherLineID], [VoucherID], [FiscalPeriodID], [BranchID], [AccountID], [CurrencyID], [CreatedByID], [RowNo], [Debit], [Credit], [Description], [Amount], [FollowupNo], [CurrencyValue], [Mark], [TypeID], [SourceID], [rowguid], [ModifiedDate])
    VALUES (59, 6, 1, 1, 107, NULL, 1, 1, 9635200.0000, 0.0000, N'بابت دریافت طی سند دریافت شماره 7', NULL, NULL, NULL, NULL, 0, NULL, N'03b70293-50f0-4f18-b04b-e6afee499689', CAST(N'2018-11-04 11:48:00.303' AS DateTime))
GO
INSERT [Finance].[VoucherLine] ([VoucherLineID], [VoucherID], [FiscalPeriodID], [BranchID], [AccountID], [CurrencyID], [CreatedByID], [RowNo], [Debit], [Credit], [Description], [Amount], [FollowupNo], [CurrencyValue], [Mark], [TypeID], [SourceID], [rowguid], [ModifiedDate])
    VALUES (60, 6, 1, 1, 125, NULL, 1, 2, 0.0000, 9635200.0000, N'بابت دریافت طی سند دریافت شماره 7', NULL, NULL, NULL, NULL, 0, NULL, N'455a1439-5515-44d4-bfda-fc332f60a057', CAST(N'2018-11-04 11:48:38.653' AS DateTime))
GO
INSERT [Finance].[VoucherLine] ([VoucherLineID], [VoucherID], [FiscalPeriodID], [BranchID], [AccountID], [CurrencyID], [CreatedByID], [RowNo], [Debit], [Credit], [Description], [Amount], [FollowupNo], [CurrencyValue], [Mark], [TypeID], [SourceID], [rowguid], [ModifiedDate])
    VALUES (61, 7, 1, 1, 149, NULL, 1, 1, 8000000.0000, 0.0000, N'بابت پرداخت طی سند دریافت شماره 11', NULL, NULL, NULL, NULL, 0, NULL, N'b313e0b1-16e5-4697-aa6e-b9ab7b32e408', CAST(N'2018-11-04 11:54:32.443' AS DateTime))
GO
INSERT [Finance].[VoucherLine] ([VoucherLineID], [VoucherID], [FiscalPeriodID], [BranchID], [AccountID], [CurrencyID], [CreatedByID], [RowNo], [Debit], [Credit], [Description], [Amount], [FollowupNo], [CurrencyValue], [Mark], [TypeID], [SourceID], [rowguid], [ModifiedDate])
    VALUES (62, 7, 1, 1, 103, NULL, 1, 2, 0.0000, 8000000.0000, N'بابت پرداخت طی سند دریافت شماره 11', NULL, NULL, NULL, NULL, 0, NULL, N'3d9c2116-dccc-43d8-b57a-47fe0bb1645a', CAST(N'2018-11-04 11:55:34.223' AS DateTime))
GO
INSERT [Finance].[VoucherLine] ([VoucherLineID], [VoucherID], [FiscalPeriodID], [BranchID], [AccountID], [CurrencyID], [CreatedByID], [RowNo], [Debit], [Credit], [Description], [Amount], [FollowupNo], [CurrencyValue], [Mark], [TypeID], [SourceID], [rowguid], [ModifiedDate])
    VALUES (63, 8, 1, 1, 149, NULL, 1, 1, 9000000.0000, 0.0000, N'بابت پرداخت طی سند دریافت شماره 9', NULL, NULL, NULL, NULL, 0, NULL, N'201f3b00-b650-4650-8f02-f87687b4cb5d', CAST(N'2018-11-04 12:01:24.023' AS DateTime))
GO
INSERT [Finance].[VoucherLine] ([VoucherLineID], [VoucherID], [FiscalPeriodID], [BranchID], [AccountID], [CurrencyID], [CreatedByID], [RowNo], [Debit], [Credit], [Description], [Amount], [FollowupNo], [CurrencyValue], [Mark], [TypeID], [SourceID], [rowguid], [ModifiedDate])
    VALUES (64, 8, 1, 1, 109, NULL, 1, 2, 0.0000, 9000000.0000, N'بابت پرداخت طی سند دریافت شماره 9', NULL, NULL, NULL, NULL, 0, NULL, N'45efbd6b-afd4-461b-9101-54fcc50ac324', CAST(N'2018-11-04 12:01:39.053' AS DateTime))
GO
SET IDENTITY_INSERT [Finance].[VoucherLine] OFF
